,smoothing_level,smoothing_slope,damping_slope,damped,RMSE,RÂ²
0,0.1,0.1,0.1,True,2.0476299559017366,-0.29416575607536877
1,0.1,0.2,0.1,True,2.0588329717527656,-0.3083658040649264
2,0.1,0.3,0.1,True,2.070234299632479,-0.32289676546176294
3,0.1,0.4,0.1,True,2.081829286873245,-0.33775684815300444
4,0.1,0.5,0.1,True,2.0936132794295506,-0.3529441956138253
5,0.1,0.6,0.1,True,2.105581629731631,-0.36845689156946904
6,0.1,0.7,0.1,True,2.117729703932545,-0.3842929643490167
7,0.1,0.8,0.1,True,2.13005288857618,-0.40045039095271995
8,0.1,0.9,0.1,True,2.142546596713535,-0.41692710085316587
9,0.2,0.1,0.1,True,3.412696184876702,-2.59486188253165
10,0.2,0.2,0.1,True,3.4449376560778058,-2.663107709148728
11,0.2,0.3,0.1,True,3.4770962460818113,-2.7318173496133187
12,0.2,0.4,0.1,True,3.509166871968771,-2.8009748565451993
13,0.2,0.5,0.1,True,3.5411447053988683,-2.87056445035428
14,0.2,0.6,0.1,True,3.573025159924553,-2.9405705191457185
15,0.2,0.7,0.1,True,3.6048038789704138,-3.0109776185355006
16,0.2,0.8,0.1,True,3.636476724447319,-3.081770471384985
17,0.2,0.9,0.1,True,3.668039765968419,-3.1529339674619594
18,0.3,0.1,0.1,True,4.706414542530355,-5.837027234131367
19,0.3,0.2,0.1,True,4.744608552515605,-5.94844669095727
20,0.3,0.3,0.1,True,4.782420928663678,-6.059639943434799
21,0.3,0.4,0.1,True,4.819850713632556,-6.170577417972104
22,0.3,0.5,0.1,True,4.856897104560245,-6.281230186307255
23,0.3,0.6,0.1,True,4.893559444081698,-6.391569958116265
24,0.3,0.7,0.1,True,4.92983721192988,-6.501569073646655
25,0.3,0.8,0.1,True,4.965730017078411,-6.61120049637942
26,0.3,0.9,0.1,True,5.001237590386791,-6.720437805722381
27,0.4,0.1,0.1,True,5.645672249514909,-8.838259639073964
28,0.4,0.2,0.1,True,5.680915050118955,-8.961472614296458
29,0.4,0.3,0.1,True,5.715513141152813,-9.083177454537328
30,0.4,0.4,0.1,True,5.749469706802042,-9.203344151546084
31,0.4,0.5,0.1,True,5.782788021910555,-9.321944052427602
32,0.4,0.6,0.1,True,5.815471446097896,-9.438949835089476
33,0.4,0.7,0.1,True,5.847523418282223,-9.554335483987748
34,0.4,0.8,0.1,True,5.878947451578265,-9.6680762661691
35,0.4,0.9,0.1,True,5.9097471285421435,-9.780148707607523
36,0.5,0.1,0.1,True,6.243417253201515,-11.031829681836584
37,0.5,0.2,0.1,True,6.270154898171629,-11.135103779602112
38,0.5,0.3,0.1,True,6.2960355394606635,-11.235488040475493
39,0.5,0.4,0.1,True,6.32106754146578,-11.332974027088744
40,0.5,0.5,0.1,True,6.34525931786692,-11.427555354728044
41,0.5,0.6,0.1,True,6.368619327766698,-11.519227636106793
42,0.5,0.7,0.1,True,6.391156072113114,-11.607988426988413
43,0.5,0.8,0.1,True,6.4128780903822165,-11.693837172644717
44,0.5,0.9,0.1,True,6.433793957499828,-11.776775155136097
45,0.6,0.1,0.1,True,6.555176625747523,-12.263426993614207
46,0.6,0.2,0.1,True,6.570311786508489,-12.324745203317677
47,0.6,0.3,0.1,True,6.5844587296576895,-12.382187638086025
48,0.6,0.4,0.1,True,6.597632692556757,-12.435790467015906
49,0.6,0.5,0.1,True,6.609848930482561,-12.485592199695947
50,0.6,0.6,0.1,True,6.621122713992386,-12.531633585254118
51,0.6,0.7,0.1,True,6.631469326479435,-12.573957513362712
52,0.6,0.8,0.1,True,6.640904061902165,-12.612608917178232
53,0.6,0.9,0.1,True,6.649442222672531,-12.647634678194729
54,0.7,0.1,0.1,True,6.644703412098341,-12.62818928468956
55,0.7,0.2,0.1,True,6.647304690395014,-12.6388617406169
56,0.7,0.3,0.1,True,6.648901960869758,-12.645417049728836
57,0.7,0.4,0.1,True,6.649519449453692,-12.64795168794735
58,0.7,0.5,0.1,True,6.6491813672140445,-12.646563914647347
59,0.7,0.6,0.1,True,6.6479119082676466,-12.641353619433373
60,0.7,0.7,0.1,True,6.64573524781984,-12.632422173195708
61,0.7,0.8,0.1,True,6.642675540317232,-12.61987228341267
62,0.7,0.9,0.1,True,6.638756917703595,-12.603807853666533
63,0.8,0.1,0.1,True,6.576969647822065,-12.351763480896949
64,0.8,0.2,0.1,True,6.568128415613178,-12.315890820784224
65,0.8,0.3,0.1,True,6.558416770110327,-12.276542136583863
66,0.8,0.4,0.1,True,6.547870277211212,-12.233876847243982
67,0.8,0.5,0.1,True,6.536524442227386,-12.1880545292273
68,0.8,0.6,0.1,True,6.524414707742704,-12.139234730756531
69,0.8,0.7,0.1,True,6.511576451553859,-12.087576794709028
70,0.8,0.8,0.1,True,6.498044984685746,-12.03323969009954
71,0.8,0.9,0.1,True,6.483855549475383,-11.976381852091086
72,0.9,0.1,0.1,True,6.41620496524377,-11.707011214454552
73,0.9,0.2,0.1,True,6.39892662297411,-11.63866537250683
74,0.9,0.3,0.1,True,6.381092285718157,-11.56831353799666
75,0.9,0.4,0.1,True,6.362751289411659,-11.496167861401394
76,0.9,0.5,0.1,True,6.343952840076587,-11.422438257780435
77,0.9,0.6,0.1,True,6.324746011431254,-11.347332258348159
78,0.9,0.7,0.1,True,6.305179742630946,-11.271054878185907
79,0.9,0.8,0.1,True,6.2853028361456795,-11.193808499979513
80,0.9,0.9,0.1,True,6.265163955783554,-11.11579277367082
81,0.1,0.1,0.2,True,2.0620870405246277,-0.3125049226324126
82,0.1,0.2,0.2,True,2.0885664980247536,-0.3464293497200568
83,0.1,0.3,0.2,True,2.1160157335135374,-0.3820531345457303
84,0.1,0.4,0.2,True,2.1443823563173554,-0.41935622130282524
85,0.1,0.5,0.2,True,2.173614513705364,-0.45831722591567803
86,0.1,0.6,0.2,True,2.2036612156680184,-0.4989136395197016
87,0.1,0.7,0.2,True,2.234472597391553,-0.5411220038025695
88,0.1,0.8,0.2,True,2.2660001267872554,-0.5849180624254078
89,0.1,0.9,0.2,True,2.2981967640250476,-0.6302768920777535
90,0.2,0.1,0.2,True,3.4547652896727694,-2.6840375682555364
91,0.2,0.2,0.2,True,3.528810006381753,-2.84364711014412
92,0.2,0.3,0.2,True,3.602453990847692,-3.005749996229574
93,0.2,0.4,0.2,True,3.6756459807426896,-3.1701752521746362
94,0.2,0.5,0.2,True,3.7483401405591077,-3.336755547595958
95,0.2,0.6,0.2,True,3.820495482752327,-3.505327190453813
96,0.2,0.7,0.2,True,3.892075355140267,-3.675730113759669
97,0.2,0.8,0.2,True,3.963046986940427,-3.8478078560883535
98,0.2,0.9,0.2,True,4.03338108659051,-4.021407537086901
99,0.3,0.1,0.2,True,4.75777390869718,-5.987061338463917
100,0.3,0.2,0.2,True,4.84590237451276,-6.248301941487878
101,0.3,0.3,0.2,True,4.9322105551431505,-6.508793686904409
102,0.3,0.4,0.2,True,5.016687283939635,-6.768211034608794
103,0.3,0.5,0.2,True,5.099324634085336,-7.0262425007969505
104,0.3,0.6,0.2,True,5.180117525081904,-7.282590334094829
105,0.3,0.7,0.2,True,5.2590633821735375,-7.5369701935944615
106,0.3,0.8,0.2,True,5.336161840783068,-7.789110829413895
107,0.3,0.9,0.2,True,5.411414489340719,-8.038753766311268
108,0.4,0.1,0.2,True,5.695353221374793,-9.012171564755382
109,0.4,0.2,0.2,True,5.777801090985992,-9.304148958951625
110,0.4,0.3,0.2,True,5.857150643045558,-9.58911691057005
111,0.4,0.4,0.2,True,5.933429467329717,-9.866721165933207
112,0.4,0.5,0.2,True,6.006667059961368,-10.13663730513996
113,0.4,0.6,0.2,True,6.076894565640619,-10.398569667614314
114,0.4,0.7,0.2,True,6.1441445566390085,-10.652250304943047
115,0.4,0.8,0.2,True,6.208450842902404,-10.897437960671397
116,0.4,0.9,0.2,True,6.269848308552833,-11.133917076580468
117,0.5,0.1,0.2,True,6.284305077709569,-11.189937402616458
118,0.5,0.2,0.2,True,6.348547469774956,-11.440438761287297
119,0.5,0.3,0.2,True,6.408615412762578,-11.676967445407824
120,0.5,0.4,0.2,True,6.4645841070771555,-11.899359174248666
121,0.5,0.5,0.2,True,6.516529811471611,-12.107495822289447
122,0.5,0.6,0.2,True,6.564529674860581,-12.301303008887846
123,0.5,0.7,0.2,True,6.608661593874617,-12.480747762449862
124,0.5,0.8,0.2,True,6.649004091895085,-12.64583625613191
125,0.5,0.9,0.2,True,6.685636216048804,-12.796611612294727
126,0.6,0.1,0.2,True,6.58291003641312,-12.37589328128317
127,0.6,0.2,0.2,True,6.621729348194333,-12.534113263744567
128,0.6,0.3,0.2,True,6.65563338430745,-12.673060584626572
129,0.6,0.4,0.2,True,6.684760148010408,-12.792996106403601
130,0.6,0.5,0.2,True,6.709248093637562,-12.894235577895184
131,0.6,0.6,0.2,True,6.729236013704128,-12.977145181969606
132,0.6,0.7,0.2,True,6.7448629433156855,-13.042137248117953
133,0.6,0.8,0.2,True,6.756268078811876,-13.089666125475395
134,0.6,0.9,0.2,True,6.763590708149214,-13.12022421239749
135,0.7,0.1,0.2,True,6.657323772625274,-12.680006795639766
136,0.7,0.2,0.2,True,6.668186135306904,-12.724684936292633
137,0.7,0.3,0.2,True,6.673881132438473,-12.748138216418564
138,0.7,0.4,0.2,True,6.674628881263696,-12.751219101407699
139,0.7,0.5,0.2,True,6.6706493586058775,-12.734826587156723
140,0.7,0.6,0.2,True,6.662162314280908,-12.699899274629056
141,0.7,0.7,0.2,True,6.649387195872867,-12.647408799834764
142,0.7,0.8,0.2,True,6.632543082661837,-12.578353613252899
143,0.7,0.9,0.2,True,6.611848626901569,-12.493753103198866
144,0.8,0.1,0.2,True,6.574757197449067,-12.342782096726841
145,0.8,0.2,0.2,True,6.559506649497942,-12.280955101609027
146,0.8,0.3,0.2,True,6.5394779012663635,-12.199974985995233
147,0.8,0.4,0.2,True,6.514994805740805,-12.10132145891328
148,0.8,0.5,0.2,True,6.486380269216596,-11.986489451081622
149,0.8,0.6,0.2,True,6.453956162656436,-11.856980274905327
150,0.8,0.7,0.2,True,6.418043239384664,-11.71429349938148
151,0.8,0.8,0.2,True,6.378961057467103,-11.559919529401562
152,0.8,0.9,0.2,True,6.337027905474884,-11.395332879374443
153,0.9,0.1,0.2,True,6.401560779067031,-11.64907307737008
154,0.9,0.2,0.2,True,6.3661851096229105,-11.5096592491483
155,0.9,0.3,0.2,True,6.327202826151572,-11.356926635529973
156,0.9,0.4,0.2,True,6.2850638093948055,-11.192881069406548
157,0.9,0.5,0.2,True,6.240215712894617,-11.019493325074814
158,0.9,0.6,0.2,True,6.193103846464809,-10.838690854259827
159,0.9,0.7,0.2,True,6.144171065456078,-10.652350852068944
160,0.9,0.8,0.2,True,6.093857666166157,-10.462294633589778
161,0.9,0.9,0.2,True,6.042601288418587,-10.270283302510439
162,0.1,0.1,0.3,True,2.0818268405697666,-0.33775370422825635
163,0.1,0.2,0.3,True,2.1299875754706536,-0.40036450917735533
164,0.1,0.3,0.3,True,2.1808513614160723,-0.4680440548999567
165,0.1,0.4,0.3,True,2.234162411130533,-0.5406941608362814
166,0.1,0.5,0.3,True,2.2896741586554032,-0.6182079132533018
167,0.1,0.6,0.3,True,2.3471521331014222,-0.7004718021963479
168,0.1,0.7,0.3,True,2.4063757276442783,-0.7873673973323159
169,0.1,0.8,0.3,True,2.4671391189325242,-0.8787726709558215
170,0.1,0.9,0.3,True,2.529251552216909,-0.9745630490074981
171,0.2,0.1,0.3,True,3.511203358465259,-2.8053878014550806
172,0.2,0.2,0.3,True,3.641169686038609,-3.092312517369413
173,0.2,0.3,0.3,True,3.770011864126866,-3.3870480288714777
174,0.2,0.4,0.3,True,3.897510419355341,-3.68879801966486
175,0.2,0.5,0.3,True,4.023482900884682,-3.996792041441382
176,0.2,0.6,0.3,True,4.147777533790054,-4.310285428273709
177,0.2,0.7,0.3,True,4.270268054026854,-4.628559095123536
178,0.2,0.8,0.3,True,4.390849496272741,-4.95091925479233
179,0.2,0.9,0.3,True,4.509434749008609,-5.2766970767959025
180,0.3,0.1,0.3,True,4.8281455705449465,-6.1952794671219085
181,0.3,0.2,0.3,True,4.983570248066536,-6.665987804947907
182,0.3,0.3,0.3,True,5.134034649712722,-7.135880218522747
183,0.3,0.4,0.3,True,5.279486330839284,-7.603403558359847
184,0.3,0.5,0.3,True,5.419894538994452,-8.067104630220856
185,0.3,0.6,0.3,True,5.555246078557306,-8.525626704610012
186,0.3,0.7,0.3,True,5.685542037488862,-8.977706047781773
187,0.3,0.8,0.3,True,5.810795177398656,-9.422168492970636
188,0.3,0.9,0.3,True,5.931027838562658,-9.857926067385211
189,0.4,0.1,0.3,True,5.7659844345005675,-9.262044332846578
190,0.4,0.2,0.3,True,5.913616664621017,-9.794270405232048
191,0.4,0.3,0.3,True,6.052765053823838,-10.308228831732006
192,0.4,0.4,0.3,True,6.183532551709129,-10.802126300426146
193,0.4,0.5,0.3,True,6.306034842689029,-11.274383472037114
194,0.4,0.6,0.3,True,6.420397633581935,-11.72362343010872
195,0.4,0.7,0.3,True,6.526754542131031,-12.148660601855331
196,0.4,0.8,0.3,True,6.625245445762006,-12.548490141595117
197,0.4,0.9,0.3,True,6.716015185211147,-12.922277760947562
198,0.5,0.1,0.3,True,6.3460811043972125,-11.430774595557361
199,0.5,0.2,0.3,True,6.464507990678209,-11.899055412406462
200,0.5,0.3,0.3,True,6.571375678428492,-12.32906074782877
201,0.5,0.4,0.3,True,6.6669743364027925,-12.719697059045577
202,0.5,0.5,0.3,True,6.751601252331359,-13.070208248217755
203,0.5,0.6,0.3,True,6.825559079062124,-13.380149970925066
204,0.5,0.7,0.3,True,6.889154503913843,-13.649365167054718
205,0.5,0.8,0.3,True,6.942697233462823,-13.877960725326528
206,0.5,0.9,0.3,True,6.9864992141781155,-14.06628520155981
207,0.6,0.1,0.3,True,6.629914873285398,-12.567594637328577
208,0.6,0.2,0.3,True,6.706409666255018,-12.882481820734228
209,0.6,0.3,0.3,True,6.769053122009398,-13.143040984689739
210,0.6,0.4,0.3,True,6.818380825886196,-13.349919457382606
211,0.6,0.5,0.3,True,6.854931693161127,-13.504181252798718
212,0.6,0.6,0.3,True,6.879246819236338,-13.607259296806552
213,0.6,0.7,0.3,True,6.891868613623057,-13.66091021697379
214,0.6,0.8,0.3,True,6.893340140010729,-13.667171572392105
215,0.6,0.9,0.3,True,6.884204607098571,-13.628321424895006
216,0.7,0.1,0.3,True,6.686413462742771,-12.799819682176558
217,0.7,0.2,0.3,True,6.715928979323702,-12.921920354189579
218,0.7,0.3,0.3,True,6.730475895640584,-12.982296318399424
219,0.7,0.4,0.3,True,6.730910727439226,-12.98410306833904
220,0.7,0.5,0.3,True,6.718089941647868,-12.930881016398109
221,0.7,0.6,0.3,True,6.692869117652459,-12.826479678706562
222,0.7,0.7,0.3,True,6.6561022969689025,-12.674987282421966
223,0.7,0.8,0.3,True,6.60864146569116,-12.48066564520206
224,0.7,0.9,0.3,True,6.551336129649858,-12.247890198529442
225,0.8,0.1,0.3,True,6.585368555998828,-12.38588613738719
226,0.8,0.2,0.3,True,6.570046878280402,-12.32367074487596
227,0.8,0.3,0.3,True,6.540206157754018,-12.20291512978973
228,0.8,0.4,0.3,True,6.4971092858369035,-12.029486466054959
229,0.8,0.5,0.3,True,6.442014718296722,-11.809446986704668
230,0.8,0.6,0.3,True,6.3761756588398715,-11.54895324687825
231,0.8,0.7,0.3,True,6.300839340996132,-11.254166232139026
232,0.8,0.8,0.3,True,6.2172463609198845,-10.931172061918957
233,0.8,0.9,0.3,True,6.126630025046404,-10.585913055499814
234,0.9,0.1,0.3,True,6.395579168994877,-11.62544556639938
235,0.9,0.2,0.3,True,6.344373297870209,-11.424084954784295
236,0.9,0.3,0.3,True,6.281028214475636,-11.177228171321552
237,0.9,0.4,0.3,True,6.207301451195605,-10.893033141808395
238,0.9,0.5,0.3,True,6.124938834234357,-10.57951760309851
239,0.9,0.6,0.3,True,6.035673281065524,-10.244454742559801
240,0.9,0.7,0.3,True,5.941223614747397,-9.895288946511732
241,0.9,0.8,0.3,True,5.843293378249501,-9.539071205264774
242,0.9,0.9,0.3,True,5.743569655739712,-9.182413747141291
243,0.1,0.1,0.4,True,2.110082900114715,-0.37431406521908883
244,0.1,0.2,0.4,True,2.1905073544376,-0.48107273272092965
245,0.1,0.3,0.4,True,2.2769516225072453,-0.6002747842404881
246,0.1,0.4,0.4,True,2.3685147936430364,-0.7315664339148975
247,0.1,0.5,0.4,True,2.4643702636697307,-0.874557967015275
248,0.1,0.6,0.4,True,2.5637757440047912,-1.0288363803197025
249,0.1,0.7,0.4,True,2.666074531607799,-1.1939742575302916
250,0.1,0.8,0.4,True,2.7706915877162657,-1.369536088247893
251,0.1,0.9,0.4,True,2.877126869536957,-1.5550828152819456
252,0.2,0.1,0.4,True,3.589759195588477,-2.9775677757546637
253,0.2,0.2,0.4,True,3.7974089399170357,-3.4510419985114282
254,0.2,0.3,0.4,True,4.002452422464724,-3.944692756416889
255,0.2,0.4,0.4,True,4.204227992136992,-4.455812972501002
256,0.2,0.5,0.4,True,4.402232884159296,-4.981815068072691
257,0.2,0.6,0.4,True,4.59608431957085,-5.520230222227005
258,0.2,0.7,0.4,True,4.7854910314935974,-6.068706806310029
259,0.2,0.8,0.4,True,4.97023225203314,-6.625008314070658
260,0.2,0.9,0.4,True,5.150142055721837,-7.187010960054156
261,0.3,0.1,0.4,True,4.9278879880152004,-6.495638108204559
262,0.3,0.2,0.4,True,5.177311387091282,-7.273619187779705
263,0.3,0.3,0.4,True,5.415819154150366,-8.053474088934308
264,0.3,0.4,0.4,True,5.64324611807335,-8.82980580705644
265,0.3,0.5,0.4,True,5.859518335482444,-9.59767972243975
266,0.3,0.6,0.4,True,6.06462879597287,-10.352601738380855
267,0.3,0.7,0.4,True,6.258620080543292,-11.090496442633151
268,0.3,0.8,0.4,True,6.441571786130879,-11.807685574695551
269,0.3,0.9,0.4,True,6.61359128661472,-12.500867034603315
270,0.4,0.1,0.4,True,5.869451791490565,-9.633642001614344
271,0.4,0.2,0.4,True,6.110224095950516,-10.523946469717579
272,0.4,0.3,0.4,True,6.332302754817959,-11.376854823058393
273,0.4,0.4,0.4,True,6.535968328267995,-12.185810599964164
274,0.4,0.5,0.4,True,6.721554458512929,-12.945253023159513
275,0.4,0.6,0.4,True,6.889431862161762,-13.650544761457619
276,0.4,0.7,0.4,True,7.039997224169369,-14.297903991560116
277,0.4,0.8,0.4,True,7.173665449486058,-14.884340692032112
278,0.4,0.9,0.4,True,7.290864241741777,-15.407596923116387
279,0.5,0.1,0.4,True,6.441369924141514,-11.806882868627683
280,0.5,0.2,0.4,True,6.640467451348338,-12.61081903637697
281,0.5,0.3,0.4,True,6.813868613801234,-13.330932998038449
282,0.5,0.4,0.4,True,6.962380014398256,-13.962439347105441
283,0.5,0.5,0.4,True,7.086837544149434,-14.5021491045807
284,0.5,0.6,0.4,True,7.188096175119682,-14.948311647729989
285,0.5,0.7,0.4,True,7.2670232390028415,-15.30046723731585
286,0.5,0.8,0.4,True,7.324493974858779,-15.559308890475798
287,0.5,0.9,0.4,True,7.361388553676538,-15.726552511533118
288,0.6,0.1,0.4,True,6.7089553016456325,-12.893022913796942
289,0.6,0.2,0.4,True,6.846158481476122,-13.467078965138683
290,0.6,0.3,0.4,True,6.952114655679134,-13.918350522157876
291,0.6,0.4,0.4,True,7.028315329967328,-14.247176634904775
292,0.6,0.5,0.4,True,7.076266199269757,-14.455934883988883
293,0.6,0.6,0.4,True,7.097480683511795,-14.548746878531416
294,0.6,0.7,0.4,True,7.093475785106565,-14.531204433410755
295,0.6,0.8,0.4,True,7.065769389700349,-14.410114766396127
296,0.6,0.9,0.4,True,7.01587847963487,-14.19326355069504
297,0.7,0.1,0.4,True,6.744435803434784,-13.040358778499717
298,0.7,0.2,0.4,True,6.810879188801465,-13.318361035176984
299,0.7,0.3,0.4,True,6.842782657290611,-13.452815119459734
300,0.7,0.4,0.4,True,6.842533916830993,-13.451764396467313
301,0.7,0.5,0.4,True,6.812522769982721,-13.325272397893958
302,0.7,0.6,0.4,True,6.755136731984669,-13.084947850750796
303,0.7,0.7,0.4,True,6.672758223791834,-12.743512241149928
304,0.7,0.8,0.4,True,6.567762731356863,-12.314408122587647
305,0.7,0.9,0.4,True,6.442517564561715,-11.811446806402769
306,0.8,0.1,0.4,True,6.620673961772028,-12.529799411474418
307,0.8,0.2,0.4,True,6.618147853522149,-12.519476831665342
308,0.8,0.3,0.4,True,6.580859643184904,-12.367562142118091
309,0.8,0.4,0.4,True,6.512335683553257,-12.090628923930215
310,0.8,0.5,0.4,True,6.416090071552655,-11.706556134743783
311,0.8,0.6,0.4,True,6.295620893489712,-11.233876477540598
312,0.8,0.7,0.4,True,6.154407354397289,-10.691209206585457
313,0.8,0.8,0.4,True,5.995907235073761,-10.096774618882279
314,0.8,0.9,0.4,True,5.82355425792134,-9.467987791605923
315,0.9,0.1,0.4,True,6.409389735674625,-11.680031027392571
316,0.9,0.2,0.4,True,6.349798007136892,-11.445340281131466
317,0.9,0.3,0.4,True,6.25905044963872,-11.092159286791563
318,0.9,0.4,0.4,True,6.142064612155313,-10.644362491994173
319,0.9,0.5,0.4,True,6.0037212865692045,-10.12571678458938
320,0.9,0.6,0.4,True,5.848858521673627,-9.559155554547578
321,0.9,0.7,0.4,True,5.682265367708926,-8.966208735221084
322,0.9,0.8,0.4,True,5.508674834994058,-8.366583963321697
323,0.9,0.9,0.4,True,5.332755814999469,-7.777894383935632
324,0.1,0.1,0.5,True,2.153019271054314,-0.43081271001236354
325,0.1,0.2,0.5,True,2.2842704737750035,-0.6105789087145832
326,0.1,0.3,0.5,True,2.4273654736378996,-0.8186842084374353
327,0.1,0.4,0.5,True,2.5796328229402743,-1.0540108984949201
328,0.1,0.5,0.5,True,2.738815886059624,-1.3153285749424346
329,0.1,0.6,0.5,True,2.9030588937833346,-1.601349157958314
330,0.1,0.7,0.5,True,3.0708582578750088,-1.9107606650673805
331,0.1,0.8,0.5,True,3.241004676256262,-2.2422482946320508
332,0.1,0.9,0.5,True,3.412528038714208,-2.5945076480458704
333,0.2,0.1,0.5,True,3.7043728375468876,-3.235613631364611
334,0.2,0.2,0.5,True,4.025158026473724,-4.000953608343521
335,0.2,0.3,0.5,True,4.340296667484144,-4.814679555545618
336,0.2,0.4,0.5,True,4.648153114867988,-5.668801745614798
337,0.2,0.5,0.5,True,4.947618246923297,-6.55578028001734
338,0.2,0.6,0.5,True,5.23793732934787,-7.46852065212223
339,0.2,0.7,0.5,True,5.518599795291157,-8.40036585180704
340,0.2,0.8,0.5,True,5.789267050060811,-9.345086394775999
341,0.2,0.9,0.5,True,6.049724010912622,-10.29686867815835
342,0.3,0.1,0.5,True,5.075466597964174,-6.951313980865717
343,0.3,0.2,0.5,True,5.462187177340762,-8.209161982753573
344,0.3,0.3,0.5,True,5.827132974563725,-9.480857414213968
345,0.3,0.4,0.5,True,6.1699014028821715,-10.750149790752362
346,0.3,0.5,0.5,True,6.490386548191493,-12.002536480315971
347,0.3,0.6,0.5,True,6.788675764438891,-13.225157666189181
348,0.3,0.7,0.5,True,7.06498405744466,-14.406689410437139
349,0.3,0.8,0.5,True,7.319611154651722,-15.537237965912194
350,0.3,0.9,0.5,True,7.552912840069099,-16.60823806175581
351,0.4,0.1,0.5,True,6.026896310605062,-10.211775541994221
352,0.4,0.2,0.5,True,6.406458125674136,-11.668434165293167
353,0.4,0.3,0.5,True,6.748857249584799,-13.058773673539918
354,0.4,0.4,0.5,True,7.0547690784382615,-14.362169781351716
355,0.4,0.5,0.5,True,7.325038546548554,-15.561771331181287
356,0.4,0.6,0.5,True,7.560611084737497,-16.644150459542445
357,0.4,0.7,0.5,True,7.762490943229657,-17.598981744423103
358,0.4,0.8,0.5,True,7.931716138746035,-18.418750493857065
359,0.4,0.9,0.5,True,8.069343649671524,-19.098487569297063
360,0.5,0.1,0.5,True,6.592625756893842,-12.415405394002857
361,0.5,0.2,0.5,True,6.916281047459197,-13.764958165062055
362,0.5,0.3,0.5,True,7.188532960877407,-14.950249909785104
363,0.5,0.4,0.5,True,7.411302256138595,-15.954149415102712
364,0.5,0.5,0.5,True,7.5865988974602345,-16.765654110984055
365,0.5,0.6,0.5,True,7.716478942654144,-17.37914507940091
366,0.5,0.7,0.5,True,7.8030212665252465,-17.793710657439856
367,0.5,0.8,0.5,True,7.848315225942053,-18.01252645368717
368,0.5,0.9,0.5,True,7.85445420171251,-18.042281397070276
369,0.6,0.1,0.5,True,6.842760536994958,-13.452721677933754
370,0.6,0.2,0.5,True,7.079779837494578,-14.471287626445832
371,0.6,0.3,0.5,True,7.253533143278689,-15.240004856534014
372,0.6,0.4,0.5,True,7.367550503709312,-15.75456660625273
373,0.6,0.5,0.5,True,7.425403248677255,-16.018725857340378
374,0.6,0.6,0.5,True,7.430678151745828,-16.042914177536822
375,0.6,0.7,0.5,True,7.386964628210279,-15.842982371005036
376,0.6,0.8,0.5,True,7.2978484914821085,-15.439047143146922
377,0.6,0.9,0.5,True,7.166909109069861,-14.85443423057253
378,0.7,0.1,0.5,True,6.853630111139902,-13.498673804985296
379,0.7,0.2,0.5,True,6.98933334562404,-14.078511208355106
380,0.7,0.3,0.5,True,7.053780272221438,-14.357863717106538
381,0.7,0.4,0.5,True,7.0526089593930275,-14.35276365202718
382,0.7,0.5,0.5,True,6.991464858630217,-14.087709494367259
383,0.7,0.6,0.5,True,6.875985138946893,-13.593411003198655
384,0.7,0.7,0.5,True,6.711792083853315,-12.904774314937729
385,0.7,0.8,0.5,True,6.504491376995385,-12.059111795038447
386,0.7,0.9,0.5,True,6.259673534881402,-11.09456694306131
387,0.8,0.1,0.5,True,6.701913232371279,-12.863872538305197
388,0.8,0.2,0.5,True,6.736738352745019,-13.008328435466828
389,0.8,0.3,0.5,True,6.6977119542866355,-12.846496089133597
390,0.8,0.4,0.5,True,6.593161986914599,-12.417587843284823
391,0.8,0.5,0.5,True,6.431389326146492,-11.767226297062098
392,0.8,0.6,0.5,True,6.220657956470612,-10.944269661409724
393,0.8,0.7,0.5,True,5.969191515198749,-9.998108027824092
394,0.8,0.8,0.5,True,5.685172663100304,-8.976409640393527
395,0.8,0.9,0.5,True,5.376742918017035,-7.923300093264027
396,0.9,0.1,0.5,True,6.462972665475604,-11.892929070500177
397,0.9,0.2,0.5,True,6.411751265152747,-11.68937662338491
398,0.9,0.3,0.5,True,6.290910530258144,-11.21557663226097
399,0.9,0.4,0.5,True,6.112084450200031,-10.530964833074833
400,0.9,0.5,0.5,True,5.886821910129285,-9.696673760818578
401,0.9,0.6,0.5,True,5.626570951503306,-8.771799662213612
402,0.9,0.7,0.5,True,5.342661616270128,-7.810535231855026
403,0.9,0.8,0.5,True,5.046281374251731,-6.860132739361157
404,0.9,0.9,0.5,True,4.7484375194491095,-5.959666207923667
405,0.1,0.1,0.6,True,2.223583877567366,-0.5261386393192751
406,0.1,0.2,0.6,True,2.4407713763999217,-0.8388282124145734
407,0.1,0.3,0.6,True,2.6792105734956264,-1.2156474233750054
408,0.1,0.4,0.6,True,2.9318456793667336,-1.653194994461376
409,0.1,0.5,0.6,True,3.1934443626580498,-2.147789362754901
410,0.1,0.6,0.6,True,3.460213555692696,-2.6956664007686615
411,0.1,0.7,0.6,True,3.729417131749453,-3.2930789790533552
412,0.1,0.8,0.6,True,3.999072752497267,-3.936345687030321
413,0.1,0.9,0.6,True,4.267731028640519,-4.621873072035739
414,0.2,0.1,0.6,True,3.8825501824692785,-3.6528720577266967
415,0.2,0.2,0.6,True,4.378672038416824,-4.917956804391229
416,0.2,0.3,0.6,True,4.86260074803331,-6.298341492152265
417,0.2,0.4,0.6,True,5.3308300345813135,-7.771555730736845
418,0.2,0.5,0.6,True,5.781310287870897,-9.316669385904687
419,0.2,0.6,0.6,True,6.212842266277856,-10.91427474212137
420,0.2,0.7,0.6,True,6.624749882121915,-12.546463382574384
421,0.2,0.8,0.6,True,7.016693592558525,-14.196794097843332
422,0.2,0.9,0.6,True,7.388557722272567,-15.850247966534287
423,0.3,0.1,0.6,True,5.306968260715024,-7.693205292093804
424,0.3,0.2,0.6,True,5.906524008245963,-9.768393131489965
425,0.3,0.3,0.6,True,6.464229952696757,-11.897945861545454
426,0.3,0.4,0.6,True,6.979311389564174,-14.03530026759781
427,0.3,0.5,0.6,True,7.451806846147936,-16.139973011675686
428,0.3,0.6,0.6,True,7.8822142317425845,-18.1771216881168
429,0.3,0.7,0.6,True,8.271292570647887,-20.11707298591532
430,0.3,0.8,0.6,True,8.619944310695637,-21.93484848167792
431,0.3,0.9,0.6,True,8.929144018756967,-23.609716501984774
432,0.4,0.1,0.6,True,6.279536179363939,-11.171443547084083
433,0.4,0.2,0.6,True,6.877868490488552,-13.601406450134421
434,0.4,0.3,0.6,True,7.405449443565855,-15.927382114577274
435,0.4,0.4,0.6,True,7.863883944074331,-18.08803164056026
436,0.4,0.5,0.6,True,8.255228113946439,-20.035125727419892
437,0.4,0.6,0.6,True,8.581744296349507,-21.732023445177546
438,0.4,0.7,0.6,True,8.845775772469864,-23.152317438834793
439,0.4,0.8,0.6,True,9.049686548942825,-24.278658861807653
440,0.4,0.9,0.6,True,9.195836737295627,-25.10174001644235
441,0.5,0.1,0.6,True,6.843621138371436,-13.456357290858337
442,0.5,0.2,0.6,True,7.36950763359965,-15.763469217344795
443,0.5,0.3,0.6,True,7.79722051031425,-17.765778601822344
444,0.5,0.4,0.6,True,8.13105740768786,-19.40708671150372
445,0.5,0.5,0.6,True,8.375526382391486,-20.652656044789822
446,0.5,0.6,0.6,True,8.535197216909653,-21.486096815144943
447,0.5,0.7,0.6,True,8.614643227945725,-21.906648265791965
448,0.5,0.8,0.6,True,8.6184238690678,-21.9267584008821
449,0.5,0.9,0.6,True,8.551083136469213,-21.569878066432313
450,0.6,0.1,0.6,True,7.075686594223869,-14.453403048494225
451,0.6,0.2,0.6,True,7.482906461846587,-16.283336601694906
452,0.6,0.3,0.6,True,7.7681425496486884,-17.62607417915779
453,0.6,0.4,0.6,True,7.939140559452971,-18.455121046392463
454,0.6,0.5,0.6,True,8.003720963268263,-18.77292111408888
455,0.6,0.6,0.6,True,7.969698186889219,-18.605174179043914
456,0.6,0.7,0.6,True,7.84485801221037,-17.99577995755518
457,0.6,0.8,0.6,True,7.636956014231788,-17.00228088863731
458,0.6,0.9,0.6,True,7.3537233514265905,-15.691736890794225
459,0.7,0.1,0.6,True,7.057481996452148,-14.37398712646963
460,0.7,0.2,0.6,True,7.322222227539044,-15.549038493127913
461,0.7,0.3,0.6,True,7.447424554797805,-16.119819437967006
462,0.7,0.4,0.6,True,7.445357060761942,-16.110315424527755
463,0.7,0.5,0.6,True,7.328278598777673,-15.576425963125455
464,0.7,0.6,0.6,True,7.1083985787345965,-14.596620248118228
465,0.7,0.7,0.6,True,6.7978776266147385,-13.263747417441804
466,0.7,0.8,0.6,True,6.408848062129053,-11.677887875731207
467,0.7,0.9,0.6,True,5.953453159440536,-9.94018931329915
468,0.8,0.1,0.6,True,6.870730426915653,-13.571114599313361
469,0.8,0.2,0.6,True,6.990393502994458,-14.083085838399747
470,0.8,0.3,0.6,True,6.9619449517252985,-13.960569470580994
471,0.8,0.4,0.6,True,6.803450705314387,-13.287144594177576
472,0.8,0.5,0.6,True,6.532899702699886,-12.173432076991363
473,0.8,0.6,0.6,True,6.16819816055326,-10.743663272158802
474,0.8,0.7,0.6,True,5.727204042804526,-9.124469284131976
475,0.8,0.8,0.6,True,5.22779444441222,-7.435755057492685
476,0.8,0.9,0.6,True,4.687976505512693,-5.783562147878332
477,0.9,0.1,0.6,True,6.595629975841998,-12.42763481500768
478,0.9,0.2,0.6,True,6.587911932683982,-12.396227828928703
479,0.9,0.3,0.6,True,6.435084741387804,-11.781902366229245
480,0.9,0.4,0.6,True,6.162395196194213,-10.721577080627574
481,0.9,0.5,0.6,True,5.794915903287483,-9.365284594103215
482,0.9,0.6,0.6,True,5.357549680887431,-7.859707195746571
483,0.9,0.7,0.6,True,4.875052149618591,-6.3357662919163635
484,0.9,0.8,0.6,True,4.372042958113373,-4.900051414812437
485,0.9,0.9,0.6,True,3.8729587892889086,-3.629911683927296
486,0.1,0.1,0.7,True,2.3528020797089937,-0.7086682358148191
487,0.1,0.2,0.7,True,2.7292737633267947,-1.299223320902398
488,0.1,0.3,0.7,True,3.1399699604348763,-2.0432521795975402
489,0.1,0.4,0.7,True,3.5682265990841366,-2.9299932804590805
490,0.1,0.5,0.7,True,4.003903713513134,-3.9482793021750835
491,0.1,0.6,0.7,True,4.44081528989279,-5.08712716246534
492,0.1,0.7,0.7,True,4.875096061352948,-6.335898445444816
493,0.1,0.8,0.7,True,5.304249708699812,-7.684301196010209
494,0.1,0.9,0.7,True,5.726607222035755,-9.122359291661601
495,0.2,0.1,0.7,True,4.1859190969508635,-4.408397654430232
496,0.2,0.2,0.7,True,4.978572363921309,-6.650619502658763
497,0.2,0.3,0.7,True,5.743875545844106,-9.183498362713792
498,0.2,0.4,0.7,True,6.475282727685369,-11.942090321123208
499,0.2,0.5,0.7,True,7.169654330773407,-14.866582360823928
500,0.2,0.6,0.7,True,7.8255288583543345,-17.902286866924072
501,0.2,0.7,0.7,True,8.442379168250225,-20.99969511734532
502,0.2,0.8,0.7,True,9.020246757848946,-24.114456942653078
503,0.2,0.9,0.7,True,9.559535889764488,-27.20723854009491
504,0.3,0.1,0.7,True,5.702464761580665,-9.037190702729601
505,0.3,0.2,0.7,True,6.661346307937571,-12.696543451234605
506,0.3,0.3,0.7,True,7.539063873387196,-16.543724584323048
507,0.3,0.4,0.7,True,8.334592289411615,-20.441525211841252
508,0.3,0.5,0.7,True,9.048857242728152,-24.274026040940647
509,0.3,0.6,0.7,True,9.683731974856112,-27.9449281840445
510,0.3,0.7,0.7,True,10.241524971868667,-31.37547968262345
511,0.3,0.8,0.7,True,10.724686032093889,-34.50227053697594
512,0.3,0.9,0.7,True,11.135640843163637,-37.27519268084186
513,0.4,0.1,0.7,True,6.718626125155416,-12.933104805239676
514,0.4,0.2,0.7,True,7.691258513737046,-17.259201144297275
515,0.4,0.3,0.7,True,8.52888480969205,-21.452848863594674
516,0.4,0.4,0.7,True,9.235542503914813,-25.3276307293049
517,0.4,0.5,0.7,True,9.816314997770055,-28.74294221895143
518,0.4,0.6,0.7,True,10.276563205880441,-31.59738415531494
519,0.4,0.7,0.7,True,10.621593541213416,-33.82301031719028
520,0.4,0.8,0.7,True,10.85655374743514,-35.38068975188088
521,0.4,0.9,0.7,True,10.986443018456317,-36.25642424538736
522,0.5,0.1,0.7,True,7.291264806654706,-15.409399861138116
523,0.5,0.2,0.7,True,8.171472877270277,-19.61045798119512
524,0.5,0.3,0.7,True,8.864410621798012,-23.254185015036416
525,0.5,0.4,0.7,True,9.379752368551747,-26.156243923462508
526,0.5,0.5,0.7,True,9.727526608390722,-28.207326804110668
527,0.5,0.6,0.7,True,9.917660834304506,-29.360258113134822
528,0.5,0.7,0.7,True,9.959891001657342,-29.619361238953488
529,0.5,0.8,0.7,True,9.863803346029526,-29.03141293003091
530,0.5,0.9,0.7,True,9.6388983928155,-27.677531116544422
531,0.6,0.1,0.7,True,7.506047927965771,-16.390402006490355
532,0.6,0.2,0.7,True,8.222888713568604,-19.870640652880095
533,0.6,0.3,0.7,True,8.70544243973586,-22.39206983457913
534,0.6,0.4,0.7,True,8.970507004680657,-23.838246597594527
535,0.6,0.5,0.7,True,9.034858340578866,-24.19588690563088
536,0.6,0.6,0.7,True,8.915044717776809,-23.532059370423212
537,0.6,0.7,0.7,True,8.627410886432859,-21.97459791460971
538,0.6,0.8,0.7,True,8.188165728717564,-19.69475091882031
539,0.6,0.9,0.7,True,7.613444186372485,-16.89160459952144
540,0.7,0.1,0.7,True,7.4525762249851955,-16.14351250580013
541,0.7,0.2,0.7,True,7.966927655961381,-18.591545733151374
542,0.7,0.3,0.7,True,8.20987175585565,-19.804615871168867
543,0.7,0.4,0.7,True,8.20755481152725,-19.79287480227767
544,0.7,0.5,0.7,True,7.985894658488083,-18.684940638266315
545,0.7,0.6,0.7,True,7.5705183157635245,-16.690421641245493
546,0.7,0.7,0.7,True,6.986853525473383,-14.067813374746354
547,0.7,0.8,0.7,True,6.2602845180893105,-11.096928068734206
548,0.7,0.9,0.7,True,5.416438587455769,-8.0555451861881
549,0.8,0.1,0.7,True,7.219885210811864,-15.089684964746382
550,0.8,0.2,0.7,True,7.522947364731419,-16.468797145411806
551,0.8,0.3,0.7,True,7.532228518762945,-16.511926679743762
552,0.8,0.4,0.7,True,7.285905313888839,-15.385285049919304
553,0.8,0.5,0.7,True,6.821789176571622,-13.364269427982759
554,0.8,0.6,0.7,True,6.177407769797885,-10.778757894180258
555,0.8,0.7,0.7,True,5.390304020061388,-7.968369157968672
556,0.8,0.8,0.7,True,4.498686367651033,-5.246811321306079
557,0.8,0.9,0.7,True,3.5430931352736796,-2.874824992527023
558,0.9,0.1,0.7,True,6.895210200436367,-13.675130621859447
559,0.9,0.2,0.7,True,7.007367276234077,-14.156422969781255
560,0.9,0.3,0.7,True,6.822804084695163,-13.368543819290313
561,0.9,0.4,0.7,True,6.394706992555175,-11.622002292526592
562,0.9,0.5,0.7,True,5.775783991720194,-9.296955612238698
563,0.9,0.6,0.7,True,5.018538241229787,-6.773944411477458
564,0.9,0.7,0.7,True,4.175920688076647,-4.38259171402042
565,0.9,0.8,0.7,True,3.3027794162923607,-2.3670230833984545
566,0.9,0.9,0.7,True,2.459458571094524,-0.8670931171277625
567,0.1,0.1,0.8,True,2.6297013580348767,-1.1345179754666952
568,0.1,0.2,0.8,True,3.3417124177478845,-2.446871556028279
569,0.1,0.3,0.8,True,4.097751307855313,-4.182963499069607
570,0.1,0.4,0.8,True,4.864407042149981,-6.303764680481094
571,0.1,0.5,0.8,True,5.626843126227283,-8.772745069718892
572,0.1,0.6,0.8,True,6.377994831057899,-11.556114895156787
573,0.1,0.7,0.8,True,7.11402258525546,-14.621309407646583
574,0.1,0.8,0.8,True,7.832523502709666,-17.9360925981124
575,0.1,0.9,0.8,True,8.531864479092693,-21.468539954454403
576,0.2,0.1,0.8,True,4.779889245892133,-6.052167561389279
577,0.2,0.2,0.8,True,6.145683765537969,-10.658089195526957
578,0.2,0.3,0.8,True,7.445714425482161,-16.111957997148647
579,0.2,0.4,0.8,True,8.67000670311363,-22.202021328573988
580,0.2,0.5,0.8,True,9.814799029013667,-28.733756309680892
581,0.2,0.6,0.8,True,10.87896283212981,-35.53103199981126
582,0.2,0.7,0.8,True,11.862878583419217,-42.437730453108706
583,0.2,0.8,0.8,True,12.767938904052611,-49.31859971851399
584,0.2,0.9,0.8,True,13.596267073333985,-56.059285487085596
585,0.3,0.1,0.8,True,6.475094367163278,-11.94133738305521
586,0.3,0.2,0.8,True,8.127352191658014,-19.388492466458665
587,0.3,0.3,0.8,True,9.612685784309164,-27.521768343967793
588,0.3,0.4,0.8,True,10.931073340594773,-35.881839323856525
589,0.3,0.5,0.8,True,12.086672627314298,-44.09210126318214
590,0.3,0.6,0.8,True,13.085593174663986,-51.853503842396876
591,0.3,0.7,0.8,True,13.93465046525567,-58.93480739173636
592,0.3,0.8,0.8,True,14.64048783752228,-65.16038921761174
593,0.3,0.9,0.8,True,15.209067208822466,-70.3989973864725
594,0.4,0.1,0.8,True,7.586756572622255,-16.766392579311546
595,0.4,0.2,0.8,True,9.289305774916446,-25.6350473177028
596,0.4,0.3,0.8,True,10.719989650618183,-34.47118418184017
597,0.4,0.4,0.8,True,11.889776668332726,-42.63493661504445
598,0.4,0.5,0.8,True,12.811958775631934,-49.66616351256025
599,0.4,0.6,0.8,True,13.499837227071497,-55.25278379124756
600,0.4,0.7,0.8,True,13.965748793461515,-59.202622094725264
601,0.4,0.8,0.8,True,14.220952952210814,-61.42295943420283
602,0.4,0.9,0.8,True,14.27596574694012,-61.906851573155215
603,0.5,0.1,0.8,True,8.193348605735569,-19.720957592752875
604,0.5,0.2,0.8,True,9.777380880865945,-28.50747326924429
605,0.5,0.3,0.8,True,10.985599417650999,-36.25070295000992
606,0.5,0.4,0.8,True,11.841225308913332,-42.27930167278988
607,0.5,0.5,0.8,True,12.367754477317439,-46.21376840976366
608,0.5,0.6,0.8,True,12.587516619033913,-47.90655467325446
609,0.5,0.7,0.8,True,12.521682141839701,-47.39631620187781
610,0.5,0.8,0.8,True,12.190748676446326,-44.87200375452217
611,0.5,0.9,0.8,True,11.61498322783847,-40.64128561008629
612,0.6,0.1,0.8,True,8.395816927387797,-20.757694546053187
613,0.6,0.2,0.8,True,9.745262273226135,-28.313928124391705
614,0.6,0.3,0.8,True,10.622525480533016,-33.829121331724345
615,0.6,0.4,0.8,True,11.065962876536831,-36.79769994368123
616,0.6,0.5,0.8,True,11.113053487842297,-37.12007658390752
617,0.6,0.6,0.8,True,10.799898207952294,-35.00197114694564
618,0.6,0.7,0.8,True,10.161661611109546,-30.872520735440673
619,0.6,0.8,0.8,True,9.233044214918275,-25.3133889814218
620,0.6,0.9,0.8,True,8.048589606038156,-18.995235435932887
621,0.7,0.1,0.8,True,8.296927005003152,-20.248168108973488
622,0.7,0.2,0.8,True,9.343716463730807,-25.94798256425705
623,0.7,0.3,0.8,True,9.838035576582676,-28.874712371187485
624,0.7,0.4,0.8,True,9.838046910006035,-28.874781202603156
625,0.7,0.5,0.8,True,9.400455209485079,-26.276253882836308
626,0.7,0.6,0.8,True,8.580523718264653,-21.72555757168673
627,0.7,0.7,0.8,True,7.432643174617895,-16.051929275113185
628,0.7,0.8,0.8,True,6.011018583612389,-10.152779000368248
629,0.7,0.9,0.8,True,4.371291825841969,-4.898024290024026
630,0.8,0.1,0.8,True,7.997999286430096,-18.744660801983343
631,0.8,0.2,0.8,True,8.720119953161726,-22.47101512830539
632,0.8,0.3,0.8,True,8.834583999469995,-23.09124054444225
633,0.8,0.4,0.8,True,8.425072410279164,-20.90958944169162
634,0.8,0.5,0.8,True,7.573391124213928,-16.703850268798096
635,0.8,0.6,0.8,True,6.359893594773091,-11.484945605169754
636,0.8,0.7,0.8,True,4.864776422143446,-6.304873949075639
637,0.8,0.8,0.8,True,3.1724811350238555,-2.106597952870867
638,0.8,0.9,0.8,True,1.409484507974779,0.3867923435643462
639,0.9,0.1,0.8,True,7.598119814029269,-16.819652491888107
640,0.9,0.2,0.8,True,8.018188974981339,-18.844471189042228
641,0.9,0.3,0.8,True,7.8093337201951405,-17.82413026285533
642,0.9,0.4,0.8,True,7.087158120513055,-14.50355163002562
643,0.9,0.5,0.8,True,5.965082784952716,-9.982972742941731
644,0.9,0.6,0.8,True,4.55564169701171,-5.405987307411437
645,0.9,0.7,0.8,True,2.9754719885576035,-1.732742351356031
646,0.9,0.8,0.8,True,1.3828983674895463,0.40970720399963745
647,0.9,0.9,0.8,True,0.7952580938136165,0.8047895102880346
648,0.1,0.1,0.9,True,3.376876540996657,-2.519794605351131
649,0.1,0.2,0.9,True,4.952583537046578,-6.570953425820519
650,0.1,0.3,0.9,True,6.542058068898552,-12.210393208239687
651,0.1,0.4,0.9,True,8.09786011132393,-19.24079169912635
652,0.1,0.5,0.9,True,9.616311310450177,-27.543286974546522
653,0.1,0.6,0.9,True,11.096715732560128,-37.00807520032155
654,0.1,0.7,0.9,True,12.534868479750818,-47.498300295405976
655,0.1,0.8,0.9,True,13.925441878409043,-58.85561882272019
656,0.1,0.9,0.9,True,15.264380304825178,-70.91927664459163
657,0.2,0.1,0.9,True,6.237148666269951,-11.007681141402742
658,0.2,0.2,0.9,True,8.989869118453209,-23.945585005730056
659,0.2,0.3,0.9,True,11.565696330284329,-40.28863503185323
660,0.2,0.4,0.9,True,13.956630427317737,-59.12403406452659
661,0.2,0.5,0.9,True,16.157872310043306,-79.5852019588366
662,0.2,0.6,0.9,True,18.168807276959562,-100.89193072150044
663,0.2,0.7,0.9,True,19.99168070473389,-122.36318370835654
664,0.2,0.8,0.9,True,21.6310185815206,-143.42450774076104
665,0.2,0.9,0.9,True,23.09468967007644,-163.63084866370428
666,0.3,0.1,0.9,True,8.36154404375197,-20.58042128799941
667,0.3,0.2,0.9,True,11.695699688091057,-41.22205545711999
668,0.3,0.3,0.9,True,14.637535153085558,-65.13370553676323
669,0.3,0.4,0.9,True,17.191902286317745,-90.22940100350273
670,0.3,0.5,0.9,True,19.372105798069683,-114.83521781155646
671,0.3,0.6,0.9,True,21.19769872920172,-137.69614370525386
672,0.3,0.7,0.9,True,22.691225392417923,-157.9288916064714
673,0.3,0.8,0.9,True,23.873781648170667,-174.92574146161687
674,0.3,0.9,0.9,True,24.7618159980287,-188.2569946636067
675,0.4,0.1,0.9,True,9.724115815313752,-28.186848282281222
676,0.4,0.2,0.9,True,13.213858497292843,-52.894724814167894
677,0.4,0.3,0.9,True,16.075724824606052,-78.76788595496042
678,0.4,0.4,0.9,True,18.341064327425624,-102.83314853266796
679,0.4,0.5,0.9,True,20.048467875888857,-123.06501523084067
680,0.4,0.6,0.9,True,21.23600540110111,-138.19787630627692
681,0.4,0.7,0.9,True,21.936353475351194,-147.5305627013495
682,0.4,0.8,0.9,True,22.17637656354412,-150.79872721856069
683,0.4,0.9,0.9,True,21.979563201268544,-148.11628319422204
684,0.5,0.1,0.9,True,10.44522029079226,-32.67612885954214
685,0.5,0.2,0.9,True,13.777320840316944,-57.58905585883376
686,0.5,0.3,0.9,True,16.24446968440705,-80.45130204359175
687,0.5,0.4,0.9,True,17.90925373343851,-98.00153632741659
688,0.5,0.5,0.9,True,18.834813104692262,-108.49885689676833
689,0.5,0.6,0.9,True,19.078348689441484,-111.34882098449144
690,0.5,0.7,0.9,True,18.691281245045644,-106.83633018013035
691,0.5,0.8,0.9,True,17.722308724800435,-95.94547674407825
692,0.5,0.9,0.9,True,16.22006432630179,-80.20674435941689
693,0.6,0.1,0.9,True,10.657805075835935,-34.06085488428851
694,0.6,0.2,0.9,True,13.611225984697114,-56.18491031245772
695,0.6,0.3,0.9,True,15.474753982675313,-72.91532007690807
696,0.6,0.4,0.9,True,16.34807197318976,-81.49355835678256
697,0.6,0.5,0.9,True,16.326890463537968,-81.27992996939298
698,0.6,0.6,0.9,True,15.500426927709889,-73.16077768494004
699,0.6,0.7,0.9,True,13.954133146314902,-59.10251982068599
700,0.6,0.8,0.9,True,11.772792580224674,-41.780508270234435
701,0.6,0.9,0.9,True,9.043365928084304,-24.243360175886167
702,0.7,0.1,0.9,True,10.49289508392384,-32.98424422800499
703,0.7,0.2,0.9,True,12.930821218557004,-50.610631086743865
704,0.7,0.3,0.9,True,14.083506397655553,-60.222145616799615
705,0.7,0.4,0.9,True,14.098539239515189,-60.3529133386773
706,0.7,0.5,0.9,True,13.117406583554406,-52.11080881268132
707,0.7,0.6,0.9,True,11.275639988658902,-38.24364672664715
708,0.7,0.7,0.9,True,8.706652452004908,-22.398573044220313
709,0.7,0.8,0.9,True,5.549508394536121,-8.50595995703824
710,0.7,0.9,0.9,True,2.028489528816155,-0.2700841479233089
711,0.8,0.1,0.9,True,10.07831405738951,-30.351818072249387
712,0.8,0.2,0.9,True,11.945120023234354,-43.042097183018
713,0.8,0.3,0.9,True,12.380088481112026,-46.30798521728785
714,0.8,0.4,0.9,True,11.592466415081871,-40.479990467669154
715,0.8,0.5,0.9,True,9.784000642575807,-28.54744278027351
716,0.8,0.6,0.9,True,7.151106806916489,-14.784596493657483
717,0.8,0.7,0.9,True,3.8961945360268957,-3.685632476057047
718,0.8,0.8,0.9,True,0.6898838000611517,0.8530942316398533
719,0.8,0.9,0.9,True,3.975174549030931,-3.877523399509947
720,0.9,0.1,0.9,True,9.538713535614356,-27.08449169317423
721,0.9,0.2,0.9,True,10.857865612231246,-35.38948249234003
722,0.9,0.3,0.9,True,10.666210931539458,-34.11618198156008
723,0.9,0.4,0.9,True,9.24998089551385,-25.41001371424984
724,0.9,0.5,0.9,True,6.886453116963167,-13.637878751692385
725,0.9,0.6,0.9,True,3.849995596731908,-3.575171948682833
726,0.9,0.7,0.9,True,0.6140220361880806,0.8836262925946377
727,0.9,0.8,0.9,True,3.3385480029362133,-2.4403466575771517
728,0.9,0.9,0.9,True,6.876867335636303,-13.597155945779258
729,0.1,0.1,0.1,False,6.096447330143637,-10.47203880561709
730,0.1,0.2,0.1,False,10.913943057954375,-35.766333506171755
731,0.1,0.3,0.1,False,15.401891431952729,-72.22090133082519
732,0.1,0.4,0.1,False,19.52515349251182,-116.6727406632937
733,0.1,0.5,0.1,False,23.62424878215849,-171.26734884982477
734,0.1,0.6,0.1,False,27.716402704902308,-236.1159020894278
735,0.1,0.7,0.1,False,31.687994046008075,-308.93915936273294
736,0.1,0.8,0.1,False,35.52760344491268,-388.59984953998355
737,0.1,0.9,0.1,False,39.05997592562571,-469.92407971371773
738,0.2,0.1,0.1,False,11.305853689383566,-38.454239538666336
739,0.2,0.2,0.1,False,19.055997614641022,-111.08573260050704
740,0.2,0.3,0.1,False,26.13730238807568,-209.86693226286627
741,0.2,0.4,0.1,False,32.67316372490134,-328.51055696453153
742,0.2,0.5,0.1,False,38.60436073485104,-459.00196363113963
743,0.2,0.6,0.1,False,43.932726605865476,-594.7489297404844
744,0.2,0.7,0.1,False,48.66955404977198,-730.1419269268375
745,0.2,0.8,0.1,False,52.79982280889734,-859.5020025786325
746,0.2,0.9,0.1,False,56.34267645085643,-978.8552009022067
747,0.3,0.1,0.1,False,14.956422212037536,-68.04661438060249
748,0.3,0.2,0.1,False,24.38660766531784,-182.5649405110126
749,0.3,0.3,0.1,False,32.543263063477816,-325.8956555638412
750,0.3,0.4,0.1,False,39.487322201011274,-480.2849951497815
751,0.3,0.5,0.1,False,45.25237122376032,-631.0764906056236
752,0.3,0.6,0.1,False,49.90685886835793,-767.7894727072779
753,0.3,0.7,0.1,False,53.55433620987696,-884.2709978782455
754,0.3,0.8,0.1,False,56.300656065634385,-977.394193302091
755,0.3,0.9,0.1,False,58.212729228039535,-1044.9787881551686
756,0.4,0.1,0.1,False,17.273765165449433,-91.10028570856848
757,0.4,0.2,0.1,False,27.306085129759907,-229.1472738297617
758,0.4,0.3,0.1,False,35.33175295980096,-384.3162505228619
759,0.4,0.4,0.1,False,41.49140759438471,-530.3776602453765
760,0.4,0.5,0.1,False,45.92886850371383,-650.116120527182
761,0.4,0.6,0.1,False,48.7987023404128,-734.027354471108
762,0.4,0.7,0.1,False,50.22543903784449,-777.635927174523
763,0.4,0.8,0.1,False,50.29210798539137,-779.7044124620547
764,0.4,0.9,0.1,False,49.060111378131744,-741.9233610293012
765,0.5,0.1,0.1,False,18.497332104420124,-104.61002447135965
766,0.5,0.2,0.1,False,28.309935306547892,-246.38007054827384
767,0.5,0.3,0.1,False,35.37092554184078,-385.1711302552784
768,0.5,0.4,0.1,False,39.93526591672783,-491.2663124011088
769,0.5,0.5,0.1,False,42.23783577934745,-549.6685452338793
770,0.5,0.6,0.1,False,42.48254403040371,-556.0677125024553
771,0.5,0.7,0.1,False,40.8358617757485,-513.719243687831
772,0.5,0.8,0.1,False,37.44776650563657,-431.85136920049405
773,0.5,0.9,0.1,False,32.47197901650038,-324.46513374278544
774,0.6,0.1,0.1,False,18.85982390204121,-108.78985761307547
775,0.6,0.2,0.1,False,27.86091466137091,-238.5949693853937
776,0.6,0.3,0.1,False,33.395436303425974,-343.2398935493544
777,0.6,0.4,0.1,False,35.847475425766056,-395.6469385359017
778,0.6,0.5,0.1,False,35.555052593860246,-389.2021032528521
779,0.6,0.6,0.1,False,32.817411879725064,-331.42647981489296
780,0.6,0.7,0.1,False,27.912056558330868,-239.47538466181143
781,0.6,0.8,0.1,False,21.12017876370812,-136.6835752283203
782,0.6,0.9,0.1,False,12.771818620500564,-49.34918438231642
783,0.7,0.1,0.1,False,18.583614144066882,-105.59757236335562
784,0.7,0.2,0.1,False,26.390394657787972,-213.970429981733
785,0.7,0.3,0.1,False,30.092276294560385,-278.5097981242681
786,0.7,0.4,0.1,False,30.2330329260019,-281.13072785169015
787,0.7,0.5,0.1,False,27.297090933378755,-228.99568499112118
788,0.7,0.6,0.1,False,21.73600227315924,-144.82980559853914
789,0.7,0.7,0.1,False,14.007410080243273,-59.562339247200285
790,0.7,0.8,0.1,False,4.873412145945443,-6.330831509809691
791,0.7,0.9,0.1,False,7.315269949656447,-15.517627566112377
792,0.8,0.1,0.1,False,17.883030054322926,-97.71182199049524
793,0.8,0.2,0.1,False,24.313627942795783,-181.46790616352678
794,0.8,0.3,0.1,False,26.13195416858025,-209.78064583285678
795,0.8,0.4,0.1,False,24.08525372255742,-178.0562177593969
796,0.8,0.5,0.1,False,18.856452495281165,-108.75060876471414
797,0.8,0.6,0.1,False,11.121934811920214,-37.18103049512356
798,0.8,0.7,0.1,False,2.4274433384365657,-0.8188008894667775
799,0.8,0.8,0.1,False,10.212653338310817,-31.193199124459376
800,0.8,0.9,0.1,False,21.98261894510179,-148.15774833464766
801,0.9,0.1,0.1,False,16.966165784912747,-87.84937312240352
802,0.9,0.2,0.1,False,22.03468589645026,-148.8651605453902
803,0.9,0.3,0.1,False,22.16940130028796,-150.70324998310116
804,0.9,0.4,0.1,False,18.37184737483811,-103.18198139873239
805,0.9,0.5,0.1,False,11.583652907840927,-40.41694172372003
806,0.9,0.6,0.1,False,3.047901020595254,-1.8674025946968502
807,0.9,0.7,0.1,False,8.069773361909672,-19.10062821329758
808,0.9,0.8,0.1,False,18.73627489631115,-107.35612226686524
809,0.9,0.9,0.1,False,29.16330653066109,-261.5188424029815
810,0.1,0.1,0.2,False,6.096447330143637,-10.47203880561709
811,0.1,0.2,0.2,False,10.913943057954375,-35.766333506171755
812,0.1,0.3,0.2,False,15.401891431952729,-72.22090133082519
813,0.1,0.4,0.2,False,19.52515349251182,-116.6727406632937
814,0.1,0.5,0.2,False,23.62424878215849,-171.26734884982477
815,0.1,0.6,0.2,False,27.716402704902308,-236.1159020894278
816,0.1,0.7,0.2,False,31.687994046008075,-308.93915936273294
817,0.1,0.8,0.2,False,35.52760344491268,-388.59984953998355
818,0.1,0.9,0.2,False,39.05997592562571,-469.92407971371773
819,0.2,0.1,0.2,False,11.305853689383566,-38.454239538666336
820,0.2,0.2,0.2,False,19.055997614641022,-111.08573260050704
821,0.2,0.3,0.2,False,26.13730238807568,-209.86693226286627
822,0.2,0.4,0.2,False,32.67316372490134,-328.51055696453153
823,0.2,0.5,0.2,False,38.60436073485104,-459.00196363113963
824,0.2,0.6,0.2,False,43.932726605865476,-594.7489297404844
825,0.2,0.7,0.2,False,48.66955404977198,-730.1419269268375
826,0.2,0.8,0.2,False,52.79982280889734,-859.5020025786325
827,0.2,0.9,0.2,False,56.34267645085643,-978.8552009022067
828,0.3,0.1,0.2,False,14.956422212037536,-68.04661438060249
829,0.3,0.2,0.2,False,24.38660766531784,-182.5649405110126
830,0.3,0.3,0.2,False,32.543263063477816,-325.8956555638412
831,0.3,0.4,0.2,False,39.487322201011274,-480.2849951497815
832,0.3,0.5,0.2,False,45.25237122376032,-631.0764906056236
833,0.3,0.6,0.2,False,49.90685886835793,-767.7894727072779
834,0.3,0.7,0.2,False,53.55433620987696,-884.2709978782455
835,0.3,0.8,0.2,False,56.300656065634385,-977.394193302091
836,0.3,0.9,0.2,False,58.212729228039535,-1044.9787881551686
837,0.4,0.1,0.2,False,17.273765165449433,-91.10028570856848
838,0.4,0.2,0.2,False,27.306085129759907,-229.1472738297617
839,0.4,0.3,0.2,False,35.33175295980096,-384.3162505228619
840,0.4,0.4,0.2,False,41.49140759438471,-530.3776602453765
841,0.4,0.5,0.2,False,45.92886850371383,-650.116120527182
842,0.4,0.6,0.2,False,48.7987023404128,-734.027354471108
843,0.4,0.7,0.2,False,50.22543903784449,-777.635927174523
844,0.4,0.8,0.2,False,50.29210798539137,-779.7044124620547
845,0.4,0.9,0.2,False,49.060111378131744,-741.9233610293012
846,0.5,0.1,0.2,False,18.497332104420124,-104.61002447135965
847,0.5,0.2,0.2,False,28.309935306547892,-246.38007054827384
848,0.5,0.3,0.2,False,35.37092554184078,-385.1711302552784
849,0.5,0.4,0.2,False,39.93526591672783,-491.2663124011088
850,0.5,0.5,0.2,False,42.23783577934745,-549.6685452338793
851,0.5,0.6,0.2,False,42.48254403040371,-556.0677125024553
852,0.5,0.7,0.2,False,40.8358617757485,-513.719243687831
853,0.5,0.8,0.2,False,37.44776650563657,-431.85136920049405
854,0.5,0.9,0.2,False,32.47197901650038,-324.46513374278544
855,0.6,0.1,0.2,False,18.85982390204121,-108.78985761307547
856,0.6,0.2,0.2,False,27.86091466137091,-238.5949693853937
857,0.6,0.3,0.2,False,33.395436303425974,-343.2398935493544
858,0.6,0.4,0.2,False,35.847475425766056,-395.6469385359017
859,0.6,0.5,0.2,False,35.555052593860246,-389.2021032528521
860,0.6,0.6,0.2,False,32.817411879725064,-331.42647981489296
861,0.6,0.7,0.2,False,27.912056558330868,-239.47538466181143
862,0.6,0.8,0.2,False,21.12017876370812,-136.6835752283203
863,0.6,0.9,0.2,False,12.771818620500564,-49.34918438231642
864,0.7,0.1,0.2,False,18.583614144066882,-105.59757236335562
865,0.7,0.2,0.2,False,26.390394657787972,-213.970429981733
866,0.7,0.3,0.2,False,30.092276294560385,-278.5097981242681
867,0.7,0.4,0.2,False,30.2330329260019,-281.13072785169015
868,0.7,0.5,0.2,False,27.297090933378755,-228.99568499112118
869,0.7,0.6,0.2,False,21.73600227315924,-144.82980559853914
870,0.7,0.7,0.2,False,14.007410080243273,-59.562339247200285
871,0.7,0.8,0.2,False,4.873412145945443,-6.330831509809691
872,0.7,0.9,0.2,False,7.315269949656447,-15.517627566112377
873,0.8,0.1,0.2,False,17.883030054322926,-97.71182199049524
874,0.8,0.2,0.2,False,24.313627942795783,-181.46790616352678
875,0.8,0.3,0.2,False,26.13195416858025,-209.78064583285678
876,0.8,0.4,0.2,False,24.08525372255742,-178.0562177593969
877,0.8,0.5,0.2,False,18.856452495281165,-108.75060876471414
878,0.8,0.6,0.2,False,11.121934811920214,-37.18103049512356
879,0.8,0.7,0.2,False,2.4274433384365657,-0.8188008894667775
880,0.8,0.8,0.2,False,10.212653338310817,-31.193199124459376
881,0.8,0.9,0.2,False,21.98261894510179,-148.15774833464766
882,0.9,0.1,0.2,False,16.966165784912747,-87.84937312240352
883,0.9,0.2,0.2,False,22.03468589645026,-148.8651605453902
884,0.9,0.3,0.2,False,22.16940130028796,-150.70324998310116
885,0.9,0.4,0.2,False,18.37184737483811,-103.18198139873239
886,0.9,0.5,0.2,False,11.583652907840927,-40.41694172372003
887,0.9,0.6,0.2,False,3.047901020595254,-1.8674025946968502
888,0.9,0.7,0.2,False,8.069773361909672,-19.10062821329758
889,0.9,0.8,0.2,False,18.73627489631115,-107.35612226686524
890,0.9,0.9,0.2,False,29.16330653066109,-261.5188424029815
891,0.1,0.1,0.3,False,6.096447330143637,-10.47203880561709
892,0.1,0.2,0.3,False,10.913943057954375,-35.766333506171755
893,0.1,0.3,0.3,False,15.401891431952729,-72.22090133082519
894,0.1,0.4,0.3,False,19.52515349251182,-116.6727406632937
895,0.1,0.5,0.3,False,23.62424878215849,-171.26734884982477
896,0.1,0.6,0.3,False,27.716402704902308,-236.1159020894278
897,0.1,0.7,0.3,False,31.687994046008075,-308.93915936273294
898,0.1,0.8,0.3,False,35.52760344491268,-388.59984953998355
899,0.1,0.9,0.3,False,39.05997592562571,-469.92407971371773
900,0.2,0.1,0.3,False,11.305853689383566,-38.454239538666336
901,0.2,0.2,0.3,False,19.055997614641022,-111.08573260050704
902,0.2,0.3,0.3,False,26.13730238807568,-209.86693226286627
903,0.2,0.4,0.3,False,32.67316372490134,-328.51055696453153
904,0.2,0.5,0.3,False,38.60436073485104,-459.00196363113963
905,0.2,0.6,0.3,False,43.932726605865476,-594.7489297404844
906,0.2,0.7,0.3,False,48.66955404977198,-730.1419269268375
907,0.2,0.8,0.3,False,52.79982280889734,-859.5020025786325
908,0.2,0.9,0.3,False,56.34267645085643,-978.8552009022067
909,0.3,0.1,0.3,False,14.956422212037536,-68.04661438060249
910,0.3,0.2,0.3,False,24.38660766531784,-182.5649405110126
911,0.3,0.3,0.3,False,32.543263063477816,-325.8956555638412
912,0.3,0.4,0.3,False,39.487322201011274,-480.2849951497815
913,0.3,0.5,0.3,False,45.25237122376032,-631.0764906056236
914,0.3,0.6,0.3,False,49.90685886835793,-767.7894727072779
915,0.3,0.7,0.3,False,53.55433620987696,-884.2709978782455
916,0.3,0.8,0.3,False,56.300656065634385,-977.394193302091
917,0.3,0.9,0.3,False,58.212729228039535,-1044.9787881551686
918,0.4,0.1,0.3,False,17.273765165449433,-91.10028570856848
919,0.4,0.2,0.3,False,27.306085129759907,-229.1472738297617
920,0.4,0.3,0.3,False,35.33175295980096,-384.3162505228619
921,0.4,0.4,0.3,False,41.49140759438471,-530.3776602453765
922,0.4,0.5,0.3,False,45.92886850371383,-650.116120527182
923,0.4,0.6,0.3,False,48.7987023404128,-734.027354471108
924,0.4,0.7,0.3,False,50.22543903784449,-777.635927174523
925,0.4,0.8,0.3,False,50.29210798539137,-779.7044124620547
926,0.4,0.9,0.3,False,49.060111378131744,-741.9233610293012
927,0.5,0.1,0.3,False,18.497332104420124,-104.61002447135965
928,0.5,0.2,0.3,False,28.309935306547892,-246.38007054827384
929,0.5,0.3,0.3,False,35.37092554184078,-385.1711302552784
930,0.5,0.4,0.3,False,39.93526591672783,-491.2663124011088
931,0.5,0.5,0.3,False,42.23783577934745,-549.6685452338793
932,0.5,0.6,0.3,False,42.48254403040371,-556.0677125024553
933,0.5,0.7,0.3,False,40.8358617757485,-513.719243687831
934,0.5,0.8,0.3,False,37.44776650563657,-431.85136920049405
935,0.5,0.9,0.3,False,32.47197901650038,-324.46513374278544
936,0.6,0.1,0.3,False,18.85982390204121,-108.78985761307547
937,0.6,0.2,0.3,False,27.86091466137091,-238.5949693853937
938,0.6,0.3,0.3,False,33.395436303425974,-343.2398935493544
939,0.6,0.4,0.3,False,35.847475425766056,-395.6469385359017
940,0.6,0.5,0.3,False,35.555052593860246,-389.2021032528521
941,0.6,0.6,0.3,False,32.817411879725064,-331.42647981489296
942,0.6,0.7,0.3,False,27.912056558330868,-239.47538466181143
943,0.6,0.8,0.3,False,21.12017876370812,-136.6835752283203
944,0.6,0.9,0.3,False,12.771818620500564,-49.34918438231642
945,0.7,0.1,0.3,False,18.583614144066882,-105.59757236335562
946,0.7,0.2,0.3,False,26.390394657787972,-213.970429981733
947,0.7,0.3,0.3,False,30.092276294560385,-278.5097981242681
948,0.7,0.4,0.3,False,30.2330329260019,-281.13072785169015
949,0.7,0.5,0.3,False,27.297090933378755,-228.99568499112118
950,0.7,0.6,0.3,False,21.73600227315924,-144.82980559853914
951,0.7,0.7,0.3,False,14.007410080243273,-59.562339247200285
952,0.7,0.8,0.3,False,4.873412145945443,-6.330831509809691
953,0.7,0.9,0.3,False,7.315269949656447,-15.517627566112377
954,0.8,0.1,0.3,False,17.883030054322926,-97.71182199049524
955,0.8,0.2,0.3,False,24.313627942795783,-181.46790616352678
956,0.8,0.3,0.3,False,26.13195416858025,-209.78064583285678
957,0.8,0.4,0.3,False,24.08525372255742,-178.0562177593969
958,0.8,0.5,0.3,False,18.856452495281165,-108.75060876471414
959,0.8,0.6,0.3,False,11.121934811920214,-37.18103049512356
960,0.8,0.7,0.3,False,2.4274433384365657,-0.8188008894667775
961,0.8,0.8,0.3,False,10.212653338310817,-31.193199124459376
962,0.8,0.9,0.3,False,21.98261894510179,-148.15774833464766
963,0.9,0.1,0.3,False,16.966165784912747,-87.84937312240352
964,0.9,0.2,0.3,False,22.03468589645026,-148.8651605453902
965,0.9,0.3,0.3,False,22.16940130028796,-150.70324998310116
966,0.9,0.4,0.3,False,18.37184737483811,-103.18198139873239
967,0.9,0.5,0.3,False,11.583652907840927,-40.41694172372003
968,0.9,0.6,0.3,False,3.047901020595254,-1.8674025946968502
969,0.9,0.7,0.3,False,8.069773361909672,-19.10062821329758
970,0.9,0.8,0.3,False,18.73627489631115,-107.35612226686524
971,0.9,0.9,0.3,False,29.16330653066109,-261.5188424029815
972,0.1,0.1,0.4,False,6.096447330143637,-10.47203880561709
973,0.1,0.2,0.4,False,10.913943057954375,-35.766333506171755
974,0.1,0.3,0.4,False,15.401891431952729,-72.22090133082519
975,0.1,0.4,0.4,False,19.52515349251182,-116.6727406632937
976,0.1,0.5,0.4,False,23.62424878215849,-171.26734884982477
977,0.1,0.6,0.4,False,27.716402704902308,-236.1159020894278
978,0.1,0.7,0.4,False,31.687994046008075,-308.93915936273294
979,0.1,0.8,0.4,False,35.52760344491268,-388.59984953998355
980,0.1,0.9,0.4,False,39.05997592562571,-469.92407971371773
981,0.2,0.1,0.4,False,11.305853689383566,-38.454239538666336
982,0.2,0.2,0.4,False,19.055997614641022,-111.08573260050704
983,0.2,0.3,0.4,False,26.13730238807568,-209.86693226286627
984,0.2,0.4,0.4,False,32.67316372490134,-328.51055696453153
985,0.2,0.5,0.4,False,38.60436073485104,-459.00196363113963
986,0.2,0.6,0.4,False,43.932726605865476,-594.7489297404844
987,0.2,0.7,0.4,False,48.66955404977198,-730.1419269268375
988,0.2,0.8,0.4,False,52.79982280889734,-859.5020025786325
989,0.2,0.9,0.4,False,56.34267645085643,-978.8552009022067
990,0.3,0.1,0.4,False,14.956422212037536,-68.04661438060249
991,0.3,0.2,0.4,False,24.38660766531784,-182.5649405110126
992,0.3,0.3,0.4,False,32.543263063477816,-325.8956555638412
993,0.3,0.4,0.4,False,39.487322201011274,-480.2849951497815
994,0.3,0.5,0.4,False,45.25237122376032,-631.0764906056236
995,0.3,0.6,0.4,False,49.90685886835793,-767.7894727072779
996,0.3,0.7,0.4,False,53.55433620987696,-884.2709978782455
997,0.3,0.8,0.4,False,56.300656065634385,-977.394193302091
998,0.3,0.9,0.4,False,58.212729228039535,-1044.9787881551686
999,0.4,0.1,0.4,False,17.273765165449433,-91.10028570856848
1000,0.4,0.2,0.4,False,27.306085129759907,-229.1472738297617
1001,0.4,0.3,0.4,False,35.33175295980096,-384.3162505228619
1002,0.4,0.4,0.4,False,41.49140759438471,-530.3776602453765
1003,0.4,0.5,0.4,False,45.92886850371383,-650.116120527182
1004,0.4,0.6,0.4,False,48.7987023404128,-734.027354471108
1005,0.4,0.7,0.4,False,50.22543903784449,-777.635927174523
1006,0.4,0.8,0.4,False,50.29210798539137,-779.7044124620547
1007,0.4,0.9,0.4,False,49.060111378131744,-741.9233610293012
1008,0.5,0.1,0.4,False,18.497332104420124,-104.61002447135965
1009,0.5,0.2,0.4,False,28.309935306547892,-246.38007054827384
1010,0.5,0.3,0.4,False,35.37092554184078,-385.1711302552784
1011,0.5,0.4,0.4,False,39.93526591672783,-491.2663124011088
1012,0.5,0.5,0.4,False,42.23783577934745,-549.6685452338793
1013,0.5,0.6,0.4,False,42.48254403040371,-556.0677125024553
1014,0.5,0.7,0.4,False,40.8358617757485,-513.719243687831
1015,0.5,0.8,0.4,False,37.44776650563657,-431.85136920049405
1016,0.5,0.9,0.4,False,32.47197901650038,-324.46513374278544
1017,0.6,0.1,0.4,False,18.85982390204121,-108.78985761307547
1018,0.6,0.2,0.4,False,27.86091466137091,-238.5949693853937
1019,0.6,0.3,0.4,False,33.395436303425974,-343.2398935493544
1020,0.6,0.4,0.4,False,35.847475425766056,-395.6469385359017
1021,0.6,0.5,0.4,False,35.555052593860246,-389.2021032528521
1022,0.6,0.6,0.4,False,32.817411879725064,-331.42647981489296
1023,0.6,0.7,0.4,False,27.912056558330868,-239.47538466181143
1024,0.6,0.8,0.4,False,21.12017876370812,-136.6835752283203
1025,0.6,0.9,0.4,False,12.771818620500564,-49.34918438231642
1026,0.7,0.1,0.4,False,18.583614144066882,-105.59757236335562
1027,0.7,0.2,0.4,False,26.390394657787972,-213.970429981733
1028,0.7,0.3,0.4,False,30.092276294560385,-278.5097981242681
1029,0.7,0.4,0.4,False,30.2330329260019,-281.13072785169015
1030,0.7,0.5,0.4,False,27.297090933378755,-228.99568499112118
1031,0.7,0.6,0.4,False,21.73600227315924,-144.82980559853914
1032,0.7,0.7,0.4,False,14.007410080243273,-59.562339247200285
1033,0.7,0.8,0.4,False,4.873412145945443,-6.330831509809691
1034,0.7,0.9,0.4,False,7.315269949656447,-15.517627566112377
1035,0.8,0.1,0.4,False,17.883030054322926,-97.71182199049524
1036,0.8,0.2,0.4,False,24.313627942795783,-181.46790616352678
1037,0.8,0.3,0.4,False,26.13195416858025,-209.78064583285678
1038,0.8,0.4,0.4,False,24.08525372255742,-178.0562177593969
1039,0.8,0.5,0.4,False,18.856452495281165,-108.75060876471414
1040,0.8,0.6,0.4,False,11.121934811920214,-37.18103049512356
1041,0.8,0.7,0.4,False,2.4274433384365657,-0.8188008894667775
1042,0.8,0.8,0.4,False,10.212653338310817,-31.193199124459376
1043,0.8,0.9,0.4,False,21.98261894510179,-148.15774833464766
1044,0.9,0.1,0.4,False,16.966165784912747,-87.84937312240352
1045,0.9,0.2,0.4,False,22.03468589645026,-148.8651605453902
1046,0.9,0.3,0.4,False,22.16940130028796,-150.70324998310116
1047,0.9,0.4,0.4,False,18.37184737483811,-103.18198139873239
1048,0.9,0.5,0.4,False,11.583652907840927,-40.41694172372003
1049,0.9,0.6,0.4,False,3.047901020595254,-1.8674025946968502
1050,0.9,0.7,0.4,False,8.069773361909672,-19.10062821329758
1051,0.9,0.8,0.4,False,18.73627489631115,-107.35612226686524
1052,0.9,0.9,0.4,False,29.16330653066109,-261.5188424029815
1053,0.1,0.1,0.5,False,6.096447330143637,-10.47203880561709
1054,0.1,0.2,0.5,False,10.913943057954375,-35.766333506171755
1055,0.1,0.3,0.5,False,15.401891431952729,-72.22090133082519
1056,0.1,0.4,0.5,False,19.52515349251182,-116.6727406632937
1057,0.1,0.5,0.5,False,23.62424878215849,-171.26734884982477
1058,0.1,0.6,0.5,False,27.716402704902308,-236.1159020894278
1059,0.1,0.7,0.5,False,31.687994046008075,-308.93915936273294
1060,0.1,0.8,0.5,False,35.52760344491268,-388.59984953998355
1061,0.1,0.9,0.5,False,39.05997592562571,-469.92407971371773
1062,0.2,0.1,0.5,False,11.305853689383566,-38.454239538666336
1063,0.2,0.2,0.5,False,19.055997614641022,-111.08573260050704
1064,0.2,0.3,0.5,False,26.13730238807568,-209.86693226286627
1065,0.2,0.4,0.5,False,32.67316372490134,-328.51055696453153
1066,0.2,0.5,0.5,False,38.60436073485104,-459.00196363113963
1067,0.2,0.6,0.5,False,43.932726605865476,-594.7489297404844
1068,0.2,0.7,0.5,False,48.66955404977198,-730.1419269268375
1069,0.2,0.8,0.5,False,52.79982280889734,-859.5020025786325
1070,0.2,0.9,0.5,False,56.34267645085643,-978.8552009022067
1071,0.3,0.1,0.5,False,14.956422212037536,-68.04661438060249
1072,0.3,0.2,0.5,False,24.38660766531784,-182.5649405110126
1073,0.3,0.3,0.5,False,32.543263063477816,-325.8956555638412
1074,0.3,0.4,0.5,False,39.487322201011274,-480.2849951497815
1075,0.3,0.5,0.5,False,45.25237122376032,-631.0764906056236
1076,0.3,0.6,0.5,False,49.90685886835793,-767.7894727072779
1077,0.3,0.7,0.5,False,53.55433620987696,-884.2709978782455
1078,0.3,0.8,0.5,False,56.300656065634385,-977.394193302091
1079,0.3,0.9,0.5,False,58.212729228039535,-1044.9787881551686
1080,0.4,0.1,0.5,False,17.273765165449433,-91.10028570856848
1081,0.4,0.2,0.5,False,27.306085129759907,-229.1472738297617
1082,0.4,0.3,0.5,False,35.33175295980096,-384.3162505228619
1083,0.4,0.4,0.5,False,41.49140759438471,-530.3776602453765
1084,0.4,0.5,0.5,False,45.92886850371383,-650.116120527182
1085,0.4,0.6,0.5,False,48.7987023404128,-734.027354471108
1086,0.4,0.7,0.5,False,50.22543903784449,-777.635927174523
1087,0.4,0.8,0.5,False,50.29210798539137,-779.7044124620547
1088,0.4,0.9,0.5,False,49.060111378131744,-741.9233610293012
1089,0.5,0.1,0.5,False,18.497332104420124,-104.61002447135965
1090,0.5,0.2,0.5,False,28.309935306547892,-246.38007054827384
1091,0.5,0.3,0.5,False,35.37092554184078,-385.1711302552784
1092,0.5,0.4,0.5,False,39.93526591672783,-491.2663124011088
1093,0.5,0.5,0.5,False,42.23783577934745,-549.6685452338793
1094,0.5,0.6,0.5,False,42.48254403040371,-556.0677125024553
1095,0.5,0.7,0.5,False,40.8358617757485,-513.719243687831
1096,0.5,0.8,0.5,False,37.44776650563657,-431.85136920049405
1097,0.5,0.9,0.5,False,32.47197901650038,-324.46513374278544
1098,0.6,0.1,0.5,False,18.85982390204121,-108.78985761307547
1099,0.6,0.2,0.5,False,27.86091466137091,-238.5949693853937
1100,0.6,0.3,0.5,False,33.395436303425974,-343.2398935493544
1101,0.6,0.4,0.5,False,35.847475425766056,-395.6469385359017
1102,0.6,0.5,0.5,False,35.555052593860246,-389.2021032528521
1103,0.6,0.6,0.5,False,32.817411879725064,-331.42647981489296
1104,0.6,0.7,0.5,False,27.912056558330868,-239.47538466181143
1105,0.6,0.8,0.5,False,21.12017876370812,-136.6835752283203
1106,0.6,0.9,0.5,False,12.771818620500564,-49.34918438231642
1107,0.7,0.1,0.5,False,18.583614144066882,-105.59757236335562
1108,0.7,0.2,0.5,False,26.390394657787972,-213.970429981733
1109,0.7,0.3,0.5,False,30.092276294560385,-278.5097981242681
1110,0.7,0.4,0.5,False,30.2330329260019,-281.13072785169015
1111,0.7,0.5,0.5,False,27.297090933378755,-228.99568499112118
1112,0.7,0.6,0.5,False,21.73600227315924,-144.82980559853914
1113,0.7,0.7,0.5,False,14.007410080243273,-59.562339247200285
1114,0.7,0.8,0.5,False,4.873412145945443,-6.330831509809691
1115,0.7,0.9,0.5,False,7.315269949656447,-15.517627566112377
1116,0.8,0.1,0.5,False,17.883030054322926,-97.71182199049524
1117,0.8,0.2,0.5,False,24.313627942795783,-181.46790616352678
1118,0.8,0.3,0.5,False,26.13195416858025,-209.78064583285678
1119,0.8,0.4,0.5,False,24.08525372255742,-178.0562177593969
1120,0.8,0.5,0.5,False,18.856452495281165,-108.75060876471414
1121,0.8,0.6,0.5,False,11.121934811920214,-37.18103049512356
1122,0.8,0.7,0.5,False,2.4274433384365657,-0.8188008894667775
1123,0.8,0.8,0.5,False,10.212653338310817,-31.193199124459376
1124,0.8,0.9,0.5,False,21.98261894510179,-148.15774833464766
1125,0.9,0.1,0.5,False,16.966165784912747,-87.84937312240352
1126,0.9,0.2,0.5,False,22.03468589645026,-148.8651605453902
1127,0.9,0.3,0.5,False,22.16940130028796,-150.70324998310116
1128,0.9,0.4,0.5,False,18.37184737483811,-103.18198139873239
1129,0.9,0.5,0.5,False,11.583652907840927,-40.41694172372003
1130,0.9,0.6,0.5,False,3.047901020595254,-1.8674025946968502
1131,0.9,0.7,0.5,False,8.069773361909672,-19.10062821329758
1132,0.9,0.8,0.5,False,18.73627489631115,-107.35612226686524
1133,0.9,0.9,0.5,False,29.16330653066109,-261.5188424029815
1134,0.1,0.1,0.6,False,6.096447330143637,-10.47203880561709
1135,0.1,0.2,0.6,False,10.913943057954375,-35.766333506171755
1136,0.1,0.3,0.6,False,15.401891431952729,-72.22090133082519
1137,0.1,0.4,0.6,False,19.52515349251182,-116.6727406632937
1138,0.1,0.5,0.6,False,23.62424878215849,-171.26734884982477
1139,0.1,0.6,0.6,False,27.716402704902308,-236.1159020894278
1140,0.1,0.7,0.6,False,31.687994046008075,-308.93915936273294
1141,0.1,0.8,0.6,False,35.52760344491268,-388.59984953998355
1142,0.1,0.9,0.6,False,39.05997592562571,-469.92407971371773
1143,0.2,0.1,0.6,False,11.305853689383566,-38.454239538666336
1144,0.2,0.2,0.6,False,19.055997614641022,-111.08573260050704
1145,0.2,0.3,0.6,False,26.13730238807568,-209.86693226286627
1146,0.2,0.4,0.6,False,32.67316372490134,-328.51055696453153
1147,0.2,0.5,0.6,False,38.60436073485104,-459.00196363113963
1148,0.2,0.6,0.6,False,43.932726605865476,-594.7489297404844
1149,0.2,0.7,0.6,False,48.66955404977198,-730.1419269268375
1150,0.2,0.8,0.6,False,52.79982280889734,-859.5020025786325
1151,0.2,0.9,0.6,False,56.34267645085643,-978.8552009022067
1152,0.3,0.1,0.6,False,14.956422212037536,-68.04661438060249
1153,0.3,0.2,0.6,False,24.38660766531784,-182.5649405110126
1154,0.3,0.3,0.6,False,32.543263063477816,-325.8956555638412
1155,0.3,0.4,0.6,False,39.487322201011274,-480.2849951497815
1156,0.3,0.5,0.6,False,45.25237122376032,-631.0764906056236
1157,0.3,0.6,0.6,False,49.90685886835793,-767.7894727072779
1158,0.3,0.7,0.6,False,53.55433620987696,-884.2709978782455
1159,0.3,0.8,0.6,False,56.300656065634385,-977.394193302091
1160,0.3,0.9,0.6,False,58.212729228039535,-1044.9787881551686
1161,0.4,0.1,0.6,False,17.273765165449433,-91.10028570856848
1162,0.4,0.2,0.6,False,27.306085129759907,-229.1472738297617
1163,0.4,0.3,0.6,False,35.33175295980096,-384.3162505228619
1164,0.4,0.4,0.6,False,41.49140759438471,-530.3776602453765
1165,0.4,0.5,0.6,False,45.92886850371383,-650.116120527182
1166,0.4,0.6,0.6,False,48.7987023404128,-734.027354471108
1167,0.4,0.7,0.6,False,50.22543903784449,-777.635927174523
1168,0.4,0.8,0.6,False,50.29210798539137,-779.7044124620547
1169,0.4,0.9,0.6,False,49.060111378131744,-741.9233610293012
1170,0.5,0.1,0.6,False,18.497332104420124,-104.61002447135965
1171,0.5,0.2,0.6,False,28.309935306547892,-246.38007054827384
1172,0.5,0.3,0.6,False,35.37092554184078,-385.1711302552784
1173,0.5,0.4,0.6,False,39.93526591672783,-491.2663124011088
1174,0.5,0.5,0.6,False,42.23783577934745,-549.6685452338793
1175,0.5,0.6,0.6,False,42.48254403040371,-556.0677125024553
1176,0.5,0.7,0.6,False,40.8358617757485,-513.719243687831
1177,0.5,0.8,0.6,False,37.44776650563657,-431.85136920049405
1178,0.5,0.9,0.6,False,32.47197901650038,-324.46513374278544
1179,0.6,0.1,0.6,False,18.85982390204121,-108.78985761307547
1180,0.6,0.2,0.6,False,27.86091466137091,-238.5949693853937
1181,0.6,0.3,0.6,False,33.395436303425974,-343.2398935493544
1182,0.6,0.4,0.6,False,35.847475425766056,-395.6469385359017
1183,0.6,0.5,0.6,False,35.555052593860246,-389.2021032528521
1184,0.6,0.6,0.6,False,32.817411879725064,-331.42647981489296
1185,0.6,0.7,0.6,False,27.912056558330868,-239.47538466181143
1186,0.6,0.8,0.6,False,21.12017876370812,-136.6835752283203
1187,0.6,0.9,0.6,False,12.771818620500564,-49.34918438231642
1188,0.7,0.1,0.6,False,18.583614144066882,-105.59757236335562
1189,0.7,0.2,0.6,False,26.390394657787972,-213.970429981733
1190,0.7,0.3,0.6,False,30.092276294560385,-278.5097981242681
1191,0.7,0.4,0.6,False,30.2330329260019,-281.13072785169015
1192,0.7,0.5,0.6,False,27.297090933378755,-228.99568499112118
1193,0.7,0.6,0.6,False,21.73600227315924,-144.82980559853914
1194,0.7,0.7,0.6,False,14.007410080243273,-59.562339247200285
1195,0.7,0.8,0.6,False,4.873412145945443,-6.330831509809691
1196,0.7,0.9,0.6,False,7.315269949656447,-15.517627566112377
1197,0.8,0.1,0.6,False,17.883030054322926,-97.71182199049524
1198,0.8,0.2,0.6,False,24.313627942795783,-181.46790616352678
1199,0.8,0.3,0.6,False,26.13195416858025,-209.78064583285678
1200,0.8,0.4,0.6,False,24.08525372255742,-178.0562177593969
1201,0.8,0.5,0.6,False,18.856452495281165,-108.75060876471414
1202,0.8,0.6,0.6,False,11.121934811920214,-37.18103049512356
1203,0.8,0.7,0.6,False,2.4274433384365657,-0.8188008894667775
1204,0.8,0.8,0.6,False,10.212653338310817,-31.193199124459376
1205,0.8,0.9,0.6,False,21.98261894510179,-148.15774833464766
1206,0.9,0.1,0.6,False,16.966165784912747,-87.84937312240352
1207,0.9,0.2,0.6,False,22.03468589645026,-148.8651605453902
1208,0.9,0.3,0.6,False,22.16940130028796,-150.70324998310116
1209,0.9,0.4,0.6,False,18.37184737483811,-103.18198139873239
1210,0.9,0.5,0.6,False,11.583652907840927,-40.41694172372003
1211,0.9,0.6,0.6,False,3.047901020595254,-1.8674025946968502
1212,0.9,0.7,0.6,False,8.069773361909672,-19.10062821329758
1213,0.9,0.8,0.6,False,18.73627489631115,-107.35612226686524
1214,0.9,0.9,0.6,False,29.16330653066109,-261.5188424029815
1215,0.1,0.1,0.7,False,6.096447330143637,-10.47203880561709
1216,0.1,0.2,0.7,False,10.913943057954375,-35.766333506171755
1217,0.1,0.3,0.7,False,15.401891431952729,-72.22090133082519
1218,0.1,0.4,0.7,False,19.52515349251182,-116.6727406632937
1219,0.1,0.5,0.7,False,23.62424878215849,-171.26734884982477
1220,0.1,0.6,0.7,False,27.716402704902308,-236.1159020894278
1221,0.1,0.7,0.7,False,31.687994046008075,-308.93915936273294
1222,0.1,0.8,0.7,False,35.52760344491268,-388.59984953998355
1223,0.1,0.9,0.7,False,39.05997592562571,-469.92407971371773
1224,0.2,0.1,0.7,False,11.305853689383566,-38.454239538666336
1225,0.2,0.2,0.7,False,19.055997614641022,-111.08573260050704
1226,0.2,0.3,0.7,False,26.13730238807568,-209.86693226286627
1227,0.2,0.4,0.7,False,32.67316372490134,-328.51055696453153
1228,0.2,0.5,0.7,False,38.60436073485104,-459.00196363113963
1229,0.2,0.6,0.7,False,43.932726605865476,-594.7489297404844
1230,0.2,0.7,0.7,False,48.66955404977198,-730.1419269268375
1231,0.2,0.8,0.7,False,52.79982280889734,-859.5020025786325
1232,0.2,0.9,0.7,False,56.34267645085643,-978.8552009022067
1233,0.3,0.1,0.7,False,14.956422212037536,-68.04661438060249
1234,0.3,0.2,0.7,False,24.38660766531784,-182.5649405110126
1235,0.3,0.3,0.7,False,32.543263063477816,-325.8956555638412
1236,0.3,0.4,0.7,False,39.487322201011274,-480.2849951497815
1237,0.3,0.5,0.7,False,45.25237122376032,-631.0764906056236
1238,0.3,0.6,0.7,False,49.90685886835793,-767.7894727072779
1239,0.3,0.7,0.7,False,53.55433620987696,-884.2709978782455
1240,0.3,0.8,0.7,False,56.300656065634385,-977.394193302091
1241,0.3,0.9,0.7,False,58.212729228039535,-1044.9787881551686
1242,0.4,0.1,0.7,False,17.273765165449433,-91.10028570856848
1243,0.4,0.2,0.7,False,27.306085129759907,-229.1472738297617
1244,0.4,0.3,0.7,False,35.33175295980096,-384.3162505228619
1245,0.4,0.4,0.7,False,41.49140759438471,-530.3776602453765
1246,0.4,0.5,0.7,False,45.92886850371383,-650.116120527182
1247,0.4,0.6,0.7,False,48.7987023404128,-734.027354471108
1248,0.4,0.7,0.7,False,50.22543903784449,-777.635927174523
1249,0.4,0.8,0.7,False,50.29210798539137,-779.7044124620547
1250,0.4,0.9,0.7,False,49.060111378131744,-741.9233610293012
1251,0.5,0.1,0.7,False,18.497332104420124,-104.61002447135965
1252,0.5,0.2,0.7,False,28.309935306547892,-246.38007054827384
1253,0.5,0.3,0.7,False,35.37092554184078,-385.1711302552784
1254,0.5,0.4,0.7,False,39.93526591672783,-491.2663124011088
1255,0.5,0.5,0.7,False,42.23783577934745,-549.6685452338793
1256,0.5,0.6,0.7,False,42.48254403040371,-556.0677125024553
1257,0.5,0.7,0.7,False,40.8358617757485,-513.719243687831
1258,0.5,0.8,0.7,False,37.44776650563657,-431.85136920049405
1259,0.5,0.9,0.7,False,32.47197901650038,-324.46513374278544
1260,0.6,0.1,0.7,False,18.85982390204121,-108.78985761307547
1261,0.6,0.2,0.7,False,27.86091466137091,-238.5949693853937
1262,0.6,0.3,0.7,False,33.395436303425974,-343.2398935493544
1263,0.6,0.4,0.7,False,35.847475425766056,-395.6469385359017
1264,0.6,0.5,0.7,False,35.555052593860246,-389.2021032528521
1265,0.6,0.6,0.7,False,32.817411879725064,-331.42647981489296
1266,0.6,0.7,0.7,False,27.912056558330868,-239.47538466181143
1267,0.6,0.8,0.7,False,21.12017876370812,-136.6835752283203
1268,0.6,0.9,0.7,False,12.771818620500564,-49.34918438231642
1269,0.7,0.1,0.7,False,18.583614144066882,-105.59757236335562
1270,0.7,0.2,0.7,False,26.390394657787972,-213.970429981733
1271,0.7,0.3,0.7,False,30.092276294560385,-278.5097981242681
1272,0.7,0.4,0.7,False,30.2330329260019,-281.13072785169015
1273,0.7,0.5,0.7,False,27.297090933378755,-228.99568499112118
1274,0.7,0.6,0.7,False,21.73600227315924,-144.82980559853914
1275,0.7,0.7,0.7,False,14.007410080243273,-59.562339247200285
1276,0.7,0.8,0.7,False,4.873412145945443,-6.330831509809691
1277,0.7,0.9,0.7,False,7.315269949656447,-15.517627566112377
1278,0.8,0.1,0.7,False,17.883030054322926,-97.71182199049524
1279,0.8,0.2,0.7,False,24.313627942795783,-181.46790616352678
1280,0.8,0.3,0.7,False,26.13195416858025,-209.78064583285678
1281,0.8,0.4,0.7,False,24.08525372255742,-178.0562177593969
1282,0.8,0.5,0.7,False,18.856452495281165,-108.75060876471414
1283,0.8,0.6,0.7,False,11.121934811920214,-37.18103049512356
1284,0.8,0.7,0.7,False,2.4274433384365657,-0.8188008894667775
1285,0.8,0.8,0.7,False,10.212653338310817,-31.193199124459376
1286,0.8,0.9,0.7,False,21.98261894510179,-148.15774833464766
1287,0.9,0.1,0.7,False,16.966165784912747,-87.84937312240352
1288,0.9,0.2,0.7,False,22.03468589645026,-148.8651605453902
1289,0.9,0.3,0.7,False,22.16940130028796,-150.70324998310116
1290,0.9,0.4,0.7,False,18.37184737483811,-103.18198139873239
1291,0.9,0.5,0.7,False,11.583652907840927,-40.41694172372003
1292,0.9,0.6,0.7,False,3.047901020595254,-1.8674025946968502
1293,0.9,0.7,0.7,False,8.069773361909672,-19.10062821329758
1294,0.9,0.8,0.7,False,18.73627489631115,-107.35612226686524
1295,0.9,0.9,0.7,False,29.16330653066109,-261.5188424029815
1296,0.1,0.1,0.8,False,6.096447330143637,-10.47203880561709
1297,0.1,0.2,0.8,False,10.913943057954375,-35.766333506171755
1298,0.1,0.3,0.8,False,15.401891431952729,-72.22090133082519
1299,0.1,0.4,0.8,False,19.52515349251182,-116.6727406632937
1300,0.1,0.5,0.8,False,23.62424878215849,-171.26734884982477
1301,0.1,0.6,0.8,False,27.716402704902308,-236.1159020894278
1302,0.1,0.7,0.8,False,31.687994046008075,-308.93915936273294
1303,0.1,0.8,0.8,False,35.52760344491268,-388.59984953998355
1304,0.1,0.9,0.8,False,39.05997592562571,-469.92407971371773
1305,0.2,0.1,0.8,False,11.305853689383566,-38.454239538666336
1306,0.2,0.2,0.8,False,19.055997614641022,-111.08573260050704
1307,0.2,0.3,0.8,False,26.13730238807568,-209.86693226286627
1308,0.2,0.4,0.8,False,32.67316372490134,-328.51055696453153
1309,0.2,0.5,0.8,False,38.60436073485104,-459.00196363113963
1310,0.2,0.6,0.8,False,43.932726605865476,-594.7489297404844
1311,0.2,0.7,0.8,False,48.66955404977198,-730.1419269268375
1312,0.2,0.8,0.8,False,52.79982280889734,-859.5020025786325
1313,0.2,0.9,0.8,False,56.34267645085643,-978.8552009022067
1314,0.3,0.1,0.8,False,14.956422212037536,-68.04661438060249
1315,0.3,0.2,0.8,False,24.38660766531784,-182.5649405110126
1316,0.3,0.3,0.8,False,32.543263063477816,-325.8956555638412
1317,0.3,0.4,0.8,False,39.487322201011274,-480.2849951497815
1318,0.3,0.5,0.8,False,45.25237122376032,-631.0764906056236
1319,0.3,0.6,0.8,False,49.90685886835793,-767.7894727072779
1320,0.3,0.7,0.8,False,53.55433620987696,-884.2709978782455
1321,0.3,0.8,0.8,False,56.300656065634385,-977.394193302091
1322,0.3,0.9,0.8,False,58.212729228039535,-1044.9787881551686
1323,0.4,0.1,0.8,False,17.273765165449433,-91.10028570856848
1324,0.4,0.2,0.8,False,27.306085129759907,-229.1472738297617
1325,0.4,0.3,0.8,False,35.33175295980096,-384.3162505228619
1326,0.4,0.4,0.8,False,41.49140759438471,-530.3776602453765
1327,0.4,0.5,0.8,False,45.92886850371383,-650.116120527182
1328,0.4,0.6,0.8,False,48.7987023404128,-734.027354471108
1329,0.4,0.7,0.8,False,50.22543903784449,-777.635927174523
1330,0.4,0.8,0.8,False,50.29210798539137,-779.7044124620547
1331,0.4,0.9,0.8,False,49.060111378131744,-741.9233610293012
1332,0.5,0.1,0.8,False,18.497332104420124,-104.61002447135965
1333,0.5,0.2,0.8,False,28.309935306547892,-246.38007054827384
1334,0.5,0.3,0.8,False,35.37092554184078,-385.1711302552784
1335,0.5,0.4,0.8,False,39.93526591672783,-491.2663124011088
1336,0.5,0.5,0.8,False,42.23783577934745,-549.6685452338793
1337,0.5,0.6,0.8,False,42.48254403040371,-556.0677125024553
1338,0.5,0.7,0.8,False,40.8358617757485,-513.719243687831
1339,0.5,0.8,0.8,False,37.44776650563657,-431.85136920049405
1340,0.5,0.9,0.8,False,32.47197901650038,-324.46513374278544
1341,0.6,0.1,0.8,False,18.85982390204121,-108.78985761307547
1342,0.6,0.2,0.8,False,27.86091466137091,-238.5949693853937
1343,0.6,0.3,0.8,False,33.395436303425974,-343.2398935493544
1344,0.6,0.4,0.8,False,35.847475425766056,-395.6469385359017
1345,0.6,0.5,0.8,False,35.555052593860246,-389.2021032528521
1346,0.6,0.6,0.8,False,32.817411879725064,-331.42647981489296
1347,0.6,0.7,0.8,False,27.912056558330868,-239.47538466181143
1348,0.6,0.8,0.8,False,21.12017876370812,-136.6835752283203
1349,0.6,0.9,0.8,False,12.771818620500564,-49.34918438231642
1350,0.7,0.1,0.8,False,18.583614144066882,-105.59757236335562
1351,0.7,0.2,0.8,False,26.390394657787972,-213.970429981733
1352,0.7,0.3,0.8,False,30.092276294560385,-278.5097981242681
1353,0.7,0.4,0.8,False,30.2330329260019,-281.13072785169015
1354,0.7,0.5,0.8,False,27.297090933378755,-228.99568499112118
1355,0.7,0.6,0.8,False,21.73600227315924,-144.82980559853914
1356,0.7,0.7,0.8,False,14.007410080243273,-59.562339247200285
1357,0.7,0.8,0.8,False,4.873412145945443,-6.330831509809691
1358,0.7,0.9,0.8,False,7.315269949656447,-15.517627566112377
1359,0.8,0.1,0.8,False,17.883030054322926,-97.71182199049524
1360,0.8,0.2,0.8,False,24.313627942795783,-181.46790616352678
1361,0.8,0.3,0.8,False,26.13195416858025,-209.78064583285678
1362,0.8,0.4,0.8,False,24.08525372255742,-178.0562177593969
1363,0.8,0.5,0.8,False,18.856452495281165,-108.75060876471414
1364,0.8,0.6,0.8,False,11.121934811920214,-37.18103049512356
1365,0.8,0.7,0.8,False,2.4274433384365657,-0.8188008894667775
1366,0.8,0.8,0.8,False,10.212653338310817,-31.193199124459376
1367,0.8,0.9,0.8,False,21.98261894510179,-148.15774833464766
1368,0.9,0.1,0.8,False,16.966165784912747,-87.84937312240352
1369,0.9,0.2,0.8,False,22.03468589645026,-148.8651605453902
1370,0.9,0.3,0.8,False,22.16940130028796,-150.70324998310116
1371,0.9,0.4,0.8,False,18.37184737483811,-103.18198139873239
1372,0.9,0.5,0.8,False,11.583652907840927,-40.41694172372003
1373,0.9,0.6,0.8,False,3.047901020595254,-1.8674025946968502
1374,0.9,0.7,0.8,False,8.069773361909672,-19.10062821329758
1375,0.9,0.8,0.8,False,18.73627489631115,-107.35612226686524
1376,0.9,0.9,0.8,False,29.16330653066109,-261.5188424029815
1377,0.1,0.1,0.9,False,6.096447330143637,-10.47203880561709
1378,0.1,0.2,0.9,False,10.913943057954375,-35.766333506171755
1379,0.1,0.3,0.9,False,15.401891431952729,-72.22090133082519
1380,0.1,0.4,0.9,False,19.52515349251182,-116.6727406632937
1381,0.1,0.5,0.9,False,23.62424878215849,-171.26734884982477
1382,0.1,0.6,0.9,False,27.716402704902308,-236.1159020894278
1383,0.1,0.7,0.9,False,31.687994046008075,-308.93915936273294
1384,0.1,0.8,0.9,False,35.52760344491268,-388.59984953998355
1385,0.1,0.9,0.9,False,39.05997592562571,-469.92407971371773
1386,0.2,0.1,0.9,False,11.305853689383566,-38.454239538666336
1387,0.2,0.2,0.9,False,19.055997614641022,-111.08573260050704
1388,0.2,0.3,0.9,False,26.13730238807568,-209.86693226286627
1389,0.2,0.4,0.9,False,32.67316372490134,-328.51055696453153
1390,0.2,0.5,0.9,False,38.60436073485104,-459.00196363113963
1391,0.2,0.6,0.9,False,43.932726605865476,-594.7489297404844
1392,0.2,0.7,0.9,False,48.66955404977198,-730.1419269268375
1393,0.2,0.8,0.9,False,52.79982280889734,-859.5020025786325
1394,0.2,0.9,0.9,False,56.34267645085643,-978.8552009022067
1395,0.3,0.1,0.9,False,14.956422212037536,-68.04661438060249
1396,0.3,0.2,0.9,False,24.38660766531784,-182.5649405110126
1397,0.3,0.3,0.9,False,32.543263063477816,-325.8956555638412
1398,0.3,0.4,0.9,False,39.487322201011274,-480.2849951497815
1399,0.3,0.5,0.9,False,45.25237122376032,-631.0764906056236
1400,0.3,0.6,0.9,False,49.90685886835793,-767.7894727072779
1401,0.3,0.7,0.9,False,53.55433620987696,-884.2709978782455
1402,0.3,0.8,0.9,False,56.300656065634385,-977.394193302091
1403,0.3,0.9,0.9,False,58.212729228039535,-1044.9787881551686
1404,0.4,0.1,0.9,False,17.273765165449433,-91.10028570856848
1405,0.4,0.2,0.9,False,27.306085129759907,-229.1472738297617
1406,0.4,0.3,0.9,False,35.33175295980096,-384.3162505228619
1407,0.4,0.4,0.9,False,41.49140759438471,-530.3776602453765
1408,0.4,0.5,0.9,False,45.92886850371383,-650.116120527182
1409,0.4,0.6,0.9,False,48.7987023404128,-734.027354471108
1410,0.4,0.7,0.9,False,50.22543903784449,-777.635927174523
1411,0.4,0.8,0.9,False,50.29210798539137,-779.7044124620547
1412,0.4,0.9,0.9,False,49.060111378131744,-741.9233610293012
1413,0.5,0.1,0.9,False,18.497332104420124,-104.61002447135965
1414,0.5,0.2,0.9,False,28.309935306547892,-246.38007054827384
1415,0.5,0.3,0.9,False,35.37092554184078,-385.1711302552784
1416,0.5,0.4,0.9,False,39.93526591672783,-491.2663124011088
1417,0.5,0.5,0.9,False,42.23783577934745,-549.6685452338793
1418,0.5,0.6,0.9,False,42.48254403040371,-556.0677125024553
1419,0.5,0.7,0.9,False,40.8358617757485,-513.719243687831
1420,0.5,0.8,0.9,False,37.44776650563657,-431.85136920049405
1421,0.5,0.9,0.9,False,32.47197901650038,-324.46513374278544
1422,0.6,0.1,0.9,False,18.85982390204121,-108.78985761307547
1423,0.6,0.2,0.9,False,27.86091466137091,-238.5949693853937
1424,0.6,0.3,0.9,False,33.395436303425974,-343.2398935493544
1425,0.6,0.4,0.9,False,35.847475425766056,-395.6469385359017
1426,0.6,0.5,0.9,False,35.555052593860246,-389.2021032528521
1427,0.6,0.6,0.9,False,32.817411879725064,-331.42647981489296
1428,0.6,0.7,0.9,False,27.912056558330868,-239.47538466181143
1429,0.6,0.8,0.9,False,21.12017876370812,-136.6835752283203
1430,0.6,0.9,0.9,False,12.771818620500564,-49.34918438231642
1431,0.7,0.1,0.9,False,18.583614144066882,-105.59757236335562
1432,0.7,0.2,0.9,False,26.390394657787972,-213.970429981733
1433,0.7,0.3,0.9,False,30.092276294560385,-278.5097981242681
1434,0.7,0.4,0.9,False,30.2330329260019,-281.13072785169015
1435,0.7,0.5,0.9,False,27.297090933378755,-228.99568499112118
1436,0.7,0.6,0.9,False,21.73600227315924,-144.82980559853914
1437,0.7,0.7,0.9,False,14.007410080243273,-59.562339247200285
1438,0.7,0.8,0.9,False,4.873412145945443,-6.330831509809691
1439,0.7,0.9,0.9,False,7.315269949656447,-15.517627566112377
1440,0.8,0.1,0.9,False,17.883030054322926,-97.71182199049524
1441,0.8,0.2,0.9,False,24.313627942795783,-181.46790616352678
1442,0.8,0.3,0.9,False,26.13195416858025,-209.78064583285678
1443,0.8,0.4,0.9,False,24.08525372255742,-178.0562177593969
1444,0.8,0.5,0.9,False,18.856452495281165,-108.75060876471414
1445,0.8,0.6,0.9,False,11.121934811920214,-37.18103049512356
1446,0.8,0.7,0.9,False,2.4274433384365657,-0.8188008894667775
1447,0.8,0.8,0.9,False,10.212653338310817,-31.193199124459376
1448,0.8,0.9,0.9,False,21.98261894510179,-148.15774833464766
1449,0.9,0.1,0.9,False,16.966165784912747,-87.84937312240352
1450,0.9,0.2,0.9,False,22.03468589645026,-148.8651605453902
1451,0.9,0.3,0.9,False,22.16940130028796,-150.70324998310116
1452,0.9,0.4,0.9,False,18.37184737483811,-103.18198139873239
1453,0.9,0.5,0.9,False,11.583652907840927,-40.41694172372003
1454,0.9,0.6,0.9,False,3.047901020595254,-1.8674025946968502
1455,0.9,0.7,0.9,False,8.069773361909672,-19.10062821329758
1456,0.9,0.8,0.9,False,18.73627489631115,-107.35612226686524
1457,0.9,0.9,0.9,False,29.16330653066109,-261.5188424029815
